id,arcC,aroE,glpF,gmk,pta,tpi,yqiL,ST (MLST),clonal_complex (MLST)
33128,2,2,2,2,6,3,2,30,CC30
34208,393,4,1,4,12,1,10,5352,CC5
34210,2,3,457,1,4,4,3,5354,CC8
34211,2,3,1,238,4,4,3,5355,CC8
34290,6,5,6,2,7,14,,,
35605,10,980,8,2,10,32,2,6711,CC45
35607,10,981,8,6,10,3,2,6712,CC45
35868,3,32,1,1,4,4,3,254,CC8
35870,1,1,1,1,1,1,1,1,CC1
35871,2,2,2,2,3,3,2,36,CC30
36588,,5,6,2,7,7,5,,
36589,,5,6,2,7,7,5,,
36592,,2,2,2,6,3,2,,
36593,,5,6,2,7,7,5,,
36594,,5,6,2,7,7,5,,
37267,3,35,19,2,20,580,39,6176,
37268,2,2,2,2,6,3,972,7317,CC30
37276,2,2,2,2,6,3,972,7317,CC30
37279,2,2,2,2,6,3,972,7317,CC30
37280,,2,2,2,6,3,2,,
37464,3,3,1,1,4,4,3,8,CC8
38061,3,631,19,2,898,26,999,7565,
38063,4,1,4,169,5,493,677,7550,
38248,484,1081,132,1,22,1,1,7670,
38290,4,13,1,105,11,5,850,7687,
38291,1,38,1,1,1,238,1013,7745,CC1
38293,1,3,1,15,28,840,1,7746,
38294,1,421,1,1,12,1,11,7689,CC1
38295,1,1,1,1,28,4,11,7690,CC1
38296,12,1087,1,66,11,839,850,7747,
38298,1,421,1,598,916,1,11,7748,
38299,4,421,1,105,1,5,854,7692,
38300,1,3,1,598,1,1,11,7749,CC1
38301,3,38,1,15,1,841,40,7750,
38302,3,3,1,66,4,1,1014,7751,CC8
38303,100,1,1,15,1,4,11,7693,
38304,3,3,1,66,28,842,850,7752,
38305,4,3,1,598,12,1,11,7753,
38306,3,1088,943,105,12,10,13,7754,
38308,6,79,12,2,13,50,172,7695,
38485,14,16,11,2,922,12,14,7767,
38608,3,3,1,1,4,4,3,8,CC8
38609,1,4,1,4,12,1,10,5,CC5
38610,19,23,15,2,41,20,15,87,
38611,1,3,1,8,11,5,11,12,
38612,3,3,1,1,4,4,3,8,CC8
38692,2,2,2,2,6,3,2,30,CC30
38693,3,3,1,1,4,4,3,8,CC8
38694,3,3,1,1,4,4,3,8,CC8
38695,3,27,1,1,1,1,10,109,CC1
38696,3,37,979,2,20,26,32,8113,
38697,3,37,979,2,20,26,32,8113,
38698,3,37,979,2,20,26,32,8113,
38699,2,2,2,2,6,3,2,30,CC30
38700,13,13,1,1,12,11,13,15,CC15
38701,3,37,979,2,20,26,32,8113,
38702,3,3,1,1,4,4,3,8,CC8
38703,3,3,1,1,4,4,3,8,CC8
38704,19,23,15,2,19,20,15,59,
38705,6,5,6,2,969,14,5,8117,CC121
38706,3,3,1,1,4,4,3,8,CC8
38707,1,1,1,1,1,1,1,1,CC1
38708,3,3,1,1,4,4,3,8,CC8
38709,3,3,1,1,4,4,3,8,CC8
38710,3,3,1,1,4,4,3,8,CC8
38711,10,40,8,6,10,3,2,508,CC45
38712,10,40,8,6,10,3,2,508,CC45
38713,1,1,1,1,1,1,1,1,CC1
38714,3,27,1,1,1,1,10,109,CC1
38715,3,27,1,1,1,1,10,109,CC1
38716,2,2,2,2,6,3,2,30,CC30
38717,10,14,8,6,10,3,2,45,CC45
38718,1,3,1,8,11,5,11,12,
38719,13,13,1,1,12,11,13,15,CC15
38720,2,2,2,2,6,3,2,30,CC30
38721,2,2,2,2,6,3,2,30,CC30
38722,931,2,2,2,6,3,2,8118,CC30
38723,2,2,2,2,6,3,2,30,CC30
38724,10,14,8,6,10,3,2,45,CC45
38725,2,2,2,2,6,3,2,30,CC30
38726,2,2,2,2,6,3,2,30,CC30
38727,13,13,1,1,12,11,13,15,CC15
38728,13,13,1,1,12,11,13,15,CC15
38729,13,13,1,1,12,11,13,15,CC15
38730,13,13,1,1,12,11,13,15,CC15
38731,13,13,1,1,12,11,13,15,CC15
38732,2,2,2,2,6,3,,,
38733,2,2,2,2,6,3,,,
38734,1,4,1,4,12,1,,,
38735,2,2,2,2,6,3,,,
38736,13,13,1,,12,11,,,
38737,19,23,15,2,19,20,,,
38738,19,23,15,2,19,20,,,
38739,19,23,15,2,19,20,,,
38740,19,23,15,2,19,20,,,
38741,1,4,1,4,12,1,,,
38742,19,23,15,2,41,20,15,87,
38743,1,3,1,8,11,5,11,12,
38744,1,3,1,8,11,5,11,12,
38745,1,4,1,4,12,1,10,5,CC5
38746,4,9,1,8,1,10,8,20,
38747,19,23,15,2,41,20,15,87,
38748,1,4,1,4,12,1,10,5,CC5
38749,3,3,1,1,4,4,3,8,CC8
38750,13,13,258,1,12,11,13,5780,CC15
38751,3,37,979,2,20,26,32,8113,
38752,3,3,1,1,4,4,3,8,CC8
38753,3,3,1,1,4,4,3,8,CC8
38754,3,3,1,1,4,4,3,8,CC8
38755,19,23,15,2,19,20,15,59,
38756,22,1,14,23,12,4,31,88,
38757,3,1,14,15,11,43,3,106,
38758,19,23,15,2,41,20,15,87,
38759,1,4,1,4,12,1,10,5,CC5
38760,19,23,15,2,41,20,,,
38761,4,1,980,1,5,5,4,8120,
38762,19,23,15,2,19,20,15,59,
38763,4,1,4,1,5,5,4,25,
38764,902,5,6,2,7,7,5,7870,CC121
38765,612,13,1,1,12,11,13,7871,CC15
38766,13,13,1,1,12,11,13,15,CC15
38767,3,1,1,1,1,5,3,97,CC97
38768,1,4,1,4,12,1,10,5,CC5
38769,13,13,1,1,12,10,13,582,CC15
38770,2,2,2,2,6,3,2,30,CC30
38771,932,3,1,1,4,4,3,8121,CC8
38772,2,2,2,2,2,2,2,39,CC30
38773,1,4,1,8,4,892,3,8122,
38774,6,5,6,2,7,14,5,121,CC121
38775,3,35,19,2,20,26,39,398,
38776,1,145,1,4,12,1,10,840,CC5
38777,13,13,1,1,12,11,13,15,CC15
38778,13,13,1,1,12,11,13,15,CC15
38779,3,3,1,1,4,4,3,8,CC8
38780,13,13,1,1,12,11,13,15,CC15
38781,697,35,19,2,20,26,39,7872,
38782,3,1,14,15,11,43,3,106,
38783,3,3,1,1,4,4,3,8,CC8
38784,3,3,1,1,4,4,3,8,CC8
38785,19,23,15,2,41,20,15,87,
38786,19,23,15,2,41,20,15,87,
38787,19,23,15,2,41,20,15,87,
38788,3,3,1,1,4,4,3,8,CC8
38789,3,3,1,1,4,4,3,8,CC8
38790,3,3,1,1,4,4,3,8,CC8
38791,10,47,981,26,26,32,2,8123,
38792,1,4,1,4,12,1,10,5,CC5
38793,3,1,1,8,1,1,1,188,CC1
38794,3,35,19,2,20,26,39,398,
38795,19,23,15,636,41,20,15,8124,
38796,3,3,1,1,4,4,3,8,CC8
38797,13,13,1,1,12,11,13,15,CC15
38798,3,1,1,8,1,1,,,
38799,7,6,1,5,8,8,,,
38800,2,2,2,2,6,3,,,
38801,13,13,1,1,12,11,,,
38802,3,3,1,1,4,4,,,
38803,1,4,1,4,12,1,,,
38804,1,4,1,4,12,1,,,
38805,1,4,1,4,12,1,,,
38806,13,13,1,1,12,11,,,
38807,3,3,1,1,4,4,,,
38808,1,4,1,4,12,1,10,5,CC5
38809,3,3,1,1,4,4,,,
38810,10,14,8,6,10,3,,,
38811,2,2,2,2,6,3,,,
38812,3,3,1,1,4,4,,,
38813,3,35,19,2,20,26,,,
38814,1,4,1,4,12,1,10,5,CC5
38815,3,3,1,1,4,4,3,8,CC8
38816,3,35,19,2,20,26,39,398,
38817,3,1132,1,1,4,4,3,8125,CC8
38818,3,1132,1,1,4,4,3,8125,CC8
38819,1,4,1,8,4,4,3,72,CC8
38821,3,35,19,2,20,26,39,398,
38822,3,3,1,1,4,4,3,8,CC8
38823,3,3,1,1,4,4,3,8,CC8
38824,13,13,1,1,12,11,13,15,CC15
38825,13,13,1,1,12,,,,
38826,1,4,1,1,11,1,3,1290,CC1
38827,10,14,8,6,10,3,2,45,CC45
38828,3,3,1,1,4,4,3,8,CC8
38829,10,14,8,6,10,37,2,256,CC45
38830,1,4,1,1,11,1,3,1290,CC1
38831,1,4,1,8,4,4,3,72,CC8
38832,3,3,1,1,4,4,3,8,CC8
38833,2,2,2,2,6,3,2,30,CC30
38834,13,13,1,1,12,10,13,582,CC15
38835,13,13,700,1,12,10,13,7873,CC15
38836,3,35,19,2,20,26,39,398,
38837,2,2,2,2,6,3,2,30,CC30
38838,3,35,19,2,20,26,39,398,
38839,19,23,15,2,970,20,15,8127,
38840,5,4,1,4,4,6,3,7,
38841,13,13,1,1,12,10,13,582,CC15
38842,1,4,1,4,12,1,,,
38843,3,1,1,8,1,1,1,188,CC1
38844,10,14,8,6,10,3,2,45,CC45
38845,2,2,2,637,6,3,2,8128,CC30
38847,2,2,2,2,6,3,2,30,CC30
38848,13,13,1,1,12,11,13,15,CC15
38849,3,1,1,1,1,5,3,97,CC97
38850,3,1,1,1,971,5,3,8129,CC97
38851,2,2,2,2,6,3,2,30,CC30
38852,3,35,19,2,20,26,39,398,
38853,3,1121,19,2,20,26,39,8088,
38854,10,14,8,6,10,3,2,45,CC45
38855,3,35,19,2,20,26,39,398,
39190,1,4,1,4,12,1,28,105,CC5
39191,1,4,1,4,12,1,10,5,CC5
39192,2,3,1,1,4,4,3,239,CC8
39193,1,4,1,4,12,25,10,225,CC5
39194,6,72,12,43,49,67,59,151,
39195,1,3,1,14,11,51,10,80,
39196,3,35,19,2,20,26,39,398,
39197,3,3,1,1,4,4,16,250,CC8
39198,1,4,1,4,12,1,10,5,CC5
39200,6,66,46,2,7,50,18,133,
39201,1,4,1,4,12,1,28,105,CC5
39202,7,6,1,5,8,8,6,22,CC22
39203,18,33,6,20,7,50,48,425,
39204,6,64,44,2,43,55,51,93,CC93
39205,2,2,2,2,3,3,2,36,CC30
39206,19,23,15,2,19,20,15,59,
39207,1,1,1,1,1,1,1,1,CC1
39208,1,1,1,1,1,1,1,1,CC1
39209,1,4,1,4,12,1,10,5,CC5
39210,1,4,1,4,12,1,10,5,CC5
39211,3,3,1,1,4,4,3,8,CC8
39212,2,3,1,1,4,4,3,239,CC8
39213,3,35,19,2,20,26,39,398,
39214,3,3,1,1,4,4,3,8,CC8
39215,551,2,2,2,6,3,2,4618,CC30
39216,3,3,1,1,4,4,3,8,CC8
39217,3,3,1,1,4,4,3,8,CC8
39218,3,32,1,1,4,4,3,254,CC8
39219,2,3,1,1,4,4,3,239,CC8
39220,3,35,19,2,20,26,39,398,
39349,1,4,1,4,12,1,10,5,CC5
39649,3,3,1,1,4,4,3,8,CC8
39651,19,23,15,2,19,20,15,59,
39652,19,23,15,2,19,20,15,59,
39653,16,16,12,2,13,13,15,50,
39654,1,4,1,4,12,24,29,228,CC5
39655,1,4,1,4,12,24,29,228,CC5
39656,1,4,1,4,12,24,29,228,CC5
39657,1,4,1,4,12,24,29,228,CC5
39658,1,4,1,4,12,24,29,228,CC5
39659,1,4,1,4,12,24,29,228,CC5
39660,1,4,1,4,12,24,29,228,CC5
39661,1,4,1,4,12,24,29,228,CC5
39662,2,3,1,1,4,4,3,239,CC8
39663,2,3,1,1,4,4,3,239,CC8
39664,10,14,8,6,10,3,2,45,CC45
39665,1,4,1,8,4,4,3,72,CC8
42467,2,3,1,1,4,4,3,239,CC8
42468,3,3,1,42,4,4,3,1516,CC8
43022,4,544,1,272,1,1,471,3881,
44909,3,3,1,1,4,4,16,250,CC8
44912,1,4,1,4,12,1,10,5,CC5
44913,2,2,2,2,3,3,2,36,CC30
44914,1,4,1,4,12,1,28,105,CC5
44927,7,6,1,5,8,8,6,22,CC22
44940,3,35,19,2,20,26,39,398,
44947,18,33,6,20,7,50,48,425,
44948,3,3,1,1,1,1,10,9,CC1
44949,46,75,49,44,13,68,60,152,
45134,1,4,1,4,12,1,10,5,CC5
45143,1,4,1,4,12,1,10,5,CC5
45147,1,1,1,1,1,1,1,1,CC1
45370,1,4,1,4,12,1,10,5,CC5
45371,1,4,1,4,12,1,10,5,CC5
45450,1,4,1,4,12,1,10,5,CC5
45474,,3,1,1,4,4,,,
45475,1,3,1,8,11,5,,,
45476,3,3,1,1,4,4,,,
45477,,3,1,1,4,4,,,
45478,,35,19,2,20,26,,,
45479,,3,1,1,4,4,,,
45480,,2,2,2,6,3,,,
45481,,2,2,2,6,3,,,
45482,,3,1,1,4,4,,,
45483,,3,1,1,4,4,,,
45484,,4,1,4,12,1,,,
45485,3,3,1,1,4,4,,,
45486,,1,1,8,1,1,,,
45487,,13,1,1,12,11,,,
45488,,14,8,6,10,3,,,
45489,3,3,1,1,4,4,,,
45490,3,3,1,1,4,4,,,
45491,,13,1,1,12,11,,,
45492,,2,2,2,6,3,,,
45493,,4,1,4,12,1,,,
45494,19,23,15,2,19,20,,,
45495,,3,1,1,4,4,,,
45496,,4,1,4,4,44,,,
45497,,4,1,,,,,,
45498,,4,1,,,,,,
45499,1,4,1,8,4,4,,,
45500,,13,1,1,12,11,,,
45501,,14,8,6,10,3,,,
45502,,,,,,,,,
45503,,2,,2,6,3,,,
45504,13,13,1,1,12,11,13,15,CC15
45505,,4,1,4,12,1,10,,
45506,2,2,2,2,6,3,2,30,CC30
45507,,13,978,1,12,11,13,,
45508,,1,1,8,1,1,1,,
45509,1,4,1,4,12,1,10,5,CC5
45510,,1,1,8,1,1,1,,
45511,,1121,19,2,20,26,39,,
45512,1,4,1,8,4,4,3,72,CC8
45513,3,3,1,1,4,4,3,8,CC8
45514,,3,1,1,4,4,3,,
45515,,23,15,2,41,20,15,,
45516,,3,1,1,4,4,3,,
45517,,4,1,4,12,1,10,,
45518,13,13,1,1,741,10,13,6071,CC15
45519,1,4,1,4,12,1,10,5,CC5
45520,,4,1,8,4,4,3,,
45521,3,35,19,2,20,26,39,398,
45522,,23,15,2,41,20,15,,
45523,,3,1,1,4,4,3,,
45524,,3,1,1,4,4,3,,
45525,,13,1,1,12,11,13,,
45526,,1,1,1,1,5,3,,
45527,1,4,1,4,12,1,10,5,CC5
45528,,4,1,4,12,1,10,,
45529,3,1,1,1,1,5,3,97,CC97
45530,16,16,12,2,13,13,15,50,
45531,16,16,12,2,13,13,15,50,
45532,3,1,1,8,1,1,1,188,CC1
45533,,3,1,1,4,4,3,,
45534,,1,1,8,1,1,1,,
45535,,2,2,2,6,3,2,,
45536,3,35,19,2,20,26,39,398,
45537,,3,1,1,4,4,3,,
45538,,3,1,1,4,4,183,,
45539,3,35,19,2,20,26,39,398,
45540,2,2,2,2,6,179,2,1482,CC30
45541,3,1,1,8,1,1,1,188,CC1
45542,,13,1,1,12,11,13,,
45543,,3,1,1,4,4,3,,
45544,,23,15,2,41,20,15,,
45545,,4,982,4,12,1,10,,
45546,,1,1,8,1,1,1,,
45547,,4,1,8,4,4,3,,
45548,2,1130,2,2,6,3,2,8130,CC30
45549,,23,15,2,41,20,15,,
45550,3,1,1,1,1,5,3,97,CC97
45551,,3,1,1,4,4,3,,
45552,,3,1,1,4,4,3,,
45553,13,13,1,1,12,10,13,582,CC15
45554,10,14,8,6,10,37,2,256,CC45
45555,,4,1,4,12,1,10,,
45556,,4,1,4,12,1,10,,
45557,19,23,15,2,41,20,15,87,
45558,,2,619,2,6,3,2,,
45559,,4,1,4,12,1,10,,
45560,,4,1,4,12,1,10,,
45561,,4,1,8,4,4,3,,
45562,,1,1,8,1,1,1,,
45563,1,145,1,4,12,893,10,8131,CC5
45564,,2,2,2,6,3,2,,
45565,,3,1,1,139,4,3,,
45566,,23,15,2,41,20,15,,
45567,13,13,700,1,12,10,13,7873,CC15
45568,,4,1,4,12,1,10,,
45569,3,3,1,1,139,4,3,1181,CC8
45570,3,1,1,8,1,1,1,188,CC1
45571,,2,2,2,2,2,2,,
45572,2,2,2,2,2,2,2,39,CC30
45573,,145,1,4,12,893,10,,
45574,1,4,1,4,12,1,10,5,CC5
45575,3,3,1,1,4,4,3,8,CC8
45576,,14,8,6,10,3,2,,
45577,,13,1,1,12,11,13,,
45578,3,1,1,8,1,1,1,188,CC1
45579,1,4,982,4,12,1,10,8132,CC5
45580,10,14,8,6,10,3,2,45,CC45
45581,13,13,1,1,12,11,13,15,CC15
45582,,1131,1,1,4,4,3,,
45583,10,14,8,6,10,3,2,45,CC45
45584,1,145,1,4,12,893,10,8131,CC5
45585,,35,19,2,20,26,39,,
45586,13,13,1,174,12,11,13,2255,CC15
45587,,13,1,1,12,11,13,,
45588,,2,619,2,6,3,2,,
45589,,3,1,1,139,4,3,,
45590,,1,1,8,1,1,1,,
45591,13,13,1,1,12,10,13,582,CC15
