Isolate.name,MLST.CC
ERR204136,CC5
ERR204137,CC22
ERR204138,CC22
ERR204139,CC8
ERR204140,CC22
ERR204141,CC22
ERR204142,CC22
ERR204143,CC22
ERR204144,CC22
ERR204145,CC22
ERR204146,CC22
ERR204147,CC1
ERR204149,CC22
ERR204152,CC22
ERR204153,CC22
ERR204154,CC45
ERR204155,CC1
ERR204156,CC22
ERR204157,CC59
ERR204158,CC22
ERR204159,CC22
ERR204160,CC22
ERR204161,CC22
ERR204162,CC22
ERR204163,CC59
ERR204164,CC1
ERR204165,CC22
ERR204166,CC22
ERR204167,CC6
ERR204168,CC22
ERR204169,CC22
ERR204170,CC59
ERR204171,CC22
ERR204172,CC22
ERR204173,CC5
ERR204174,CC5
ERR204175,CC22
ERR204176,CC22
ERR204177,CC22
ERR204178,CC130
ERR204179,CC30
ERR204180,CC30
ERR204181,CC22
ERR204182,CC80
ERR204183,CC22
ERR204184,CC22
ERR204185,CC22
ERR204186,CC22
ERR204187,CC22
ERR204188,CC22
ERR204189,CC22
ERR204190,CC5
ERR204191,CC22
ERR204192,CC22
ERR204193,CC22
ERR204194,CC22
ERR204195,CC22
ERR204196,CC22
ERR204197,CC22
ERR204198,CC22
ERR204199,CC22
ERR204200,CC5
ERR204201,CC22
ERR204202,CC22
ERR204203,CC5
ERR204204,CC22
ERR204205,CC8
ERR204206,CC22
ERR204207,CC22
ERR204208,CC5
ERR204209,CC1
ERR204210,CC22
ERR204211,CC22
ERR204212,CC22
ERR204213,CC22
ERR204214,CC5
ERR204215,CC22
ERR204216,CC30
ERR204217,CC22
ERR204218,CC22
ERR204219,CC22
ERR204220,CC22
ERR204221,CC22
ERR204222,CC22
ERR204223,CC22
ERR204224,CC22
ERR204225,CC5
ERR204226,CC22
ERR204227,CC22
ERR204228,CC22
ERR204229,CC80
ERR204230,CC22
ERR204231,CC22
ERR211903,CC22
ERR211905,CC22
ERR211906,CC22
ERR211907,CC1
ERR211908,CC22
ERR211909,CC22
ERR211910,CC22
ERR211911,CC22
ERR211912,CC22
ERR211913,CC22
ERR211914,CC22
ERR211915,CC22
ERR211916,CC22
ERR211917,CC22
ERR211918,CC1
ERR211919,CC30
ERR211920,CC22
ERR211921,CC22
ERR211922,CC22
ERR211923,CC22
ERR211925,CC22
ERR211926,CC5
ERR211927,CC22
ERR211928,CC22
ERR211929,CC22
ERR211930,CC22
ERR211931,CC22
ERR211932,CC1
ERR211933,CC22
ERR211934,CC5
ERR211935,CC22
ERR211936,CC22
ERR211937,CC1
ERR211938,CC59
ERR211939,CC22
ERR211940,CC22
ERR211941,CC22
ERR211942,CC22
ERR211943,CC22
ERR211944,CC772/CC834
ERR211945,CC22
ERR211946,CC22
ERR211947,CC22
ERR211948,CC22
ERR211949,CC22
ERR211950,CC30
ERR211951,CC22
ERR211952,CC22
ERR211953,CC45
ERR211954,CC1
ERR211955,CC22
ERR211956,CC22
ERR211957,CC80
ERR211958,CC22
ERR211959,CC22
ERR211960,CC59
ERR211961,CC22
ERR211962,CC22
ERR211963,CC130
ERR211964,CC22
ERR211965,CC22
ERR211966,CC5
ERR211967,CC22
ERR211968,CC22
ERR211969,CC45
ERR211970,CC5
ERR211971,CC12
ERR211973,CC22
ERR211974,CC22
ERR211975,CC22
ERR211976,CC5
ERR211977,CC22
ERR211978,CC22
ERR211979,CC22
ERR211980,CC22
ERR211981,CC22
ERR211982,CC22
ERR211983,CC22
ERR211984,CC5
ERR211985,CC22
ERR212743,CC22
ERR212744,CC59
ERR212745,CC22
ERR212746,CC22
ERR212747,CC22
ERR212748,CC45
ERR212749,CC22
ERR212750,CC22
ERR212751,CC59
ERR212753,CC22
ERR212754,CC30
ERR212756,CC22
ERR212757,CC22
ERR212758,CC22
ERR212759,CC22
ERR212760,CC1
ERR212761,CC22
ERR212762,CC22
ERR212763,CC22
ERR212764,CC22
ERR212765,CC22
ERR212766,CC22
ERR212767,CC22
ERR212768,CC22
ERR212769,CC22
ERR212770,CC22
ERR212771,CC22
ERR212772,CC22
ERR212773,CC59
ERR212774,CC22
ERR212775,CC22
ERR212776,CC22
ERR212777,CC22
ERR212778,CC22
ERR212779,CC22
ERR212780,CC22
ERR212781,CC22
ERR212782,CC22
ERR212783,CC5
ERR212784,CC8
ERR212785,CC80
ERR212786,CC22
ERR212787,CC22
ERR212788,CC22
ERR212789,CC22
ERR212790,CC22
ERR212791,CC30
ERR212792,CC22
ERR212793,CC8
ERR212794,CC22
ERR212795,CC22
ERR212796,CC22
ERR212797,CC22
ERR212798,CC22
ERR212799,CC30
ERR212800,CC22
ERR212801,CC22
ERR212802,CC1
ERR212803,CC22
ERR212804,CC45
ERR212805,CC30
ERR212806,CC22
ERR212807,CC22
ERR212808,CC22
ERR212809,CC22
ERR212810,CC22
ERR212811,CC1
ERR212812,CC22
ERR212813,CC1
ERR212814,CC22
ERR212815,CC22
ERR212816,CC5
ERR212817,CC6
ERR212818,CC59
ERR212819,CC22
ERR212820,CC22
ERR212821,CC22
ERR212822,CC22
ERR212823,CC30
ERR212824,CC22
ERR212825,CC1
ERR212826,CC30
ERR212827,CC22
ERR212828,CC22
ERR212829,CC22
ERR212830,CC22
ERR212831,CC22
ERR212832,CC22
ERR212833,CC8
ERR212834,CC22
ERR212835,CC5
ERR212836,CC22
ERR212837,CC45
ERR212838,CC22
ERR212839,CC22
ERR212840,CC22
ERR212841,CC361
ERR212842,CC30
ERR212843,CC22
ERR212844,CC22
ERR212845,CC22
ERR212846,CC22
ERR212847,CC8
ERR212848,CC22
ERR212849,CC22
ERR212850,CC22
ERR212852,CC22
ERR212853,CC22
ERR212854,CC22
ERR212855,CC22
ERR212856,CC22
ERR212857,CC22
ERR212858,CC22
ERR212859,CC22
ERR212860,CC1
ERR212861,CC22
ERR212862,CC1
ERR212863,CC22
ERR212864,CC22
ERR212865,CC22
ERR212866,CC22
ERR212867,CC22
ERR212868,CC1
ERR212869,CC22
ERR212870,CC22
ERR212871,CC5
ERR212872,CC5
ERR212873,CC22
ERR212874,CC22
ERR212875,CC22
ERR212876,CC22
ERR212877,CC22
ERR212878,CC22
ERR212879,CC5
ERR212880,CC130
ERR212881,CC22
ERR212882,CC22
ERR212883,CC22
ERR212884,CC22
ERR212885,CC22
ERR212886,CC22
ERR212887,CC22
ERR212888,CC22
ERR212889,CC22
ERR212890,CC45
ERR212891,CC22
ERR212892,CC22
ERR212893,CC6
ERR212894,CC22
ERR212895,CC779
ERR212896,CC22
ERR212897,CC22
ERR212898,CC22
ERR212899,CC1
ERR212900,CC1
ERR212901,CC5
ERR212902,CC22
ERR212903,CC22
ERR212904,CC22
ERR212905,CC22
ERR212906,CC22
ERR212907,CC22
ERR212908,CC22
ERR212909,CC22
ERR212910,CC22
ERR212911,CC22
ERR212912,CC22
ERR212913,CC22
ERR212914,CC22
ERR212915,CC22
ERR212916,CC22
ERR212917,CC22
ERR212918,CC22
ERR212919,CC22
ERR212920,CC22
ERR212921,CC45
ERR212922,CC59
ERR212923,CC22
ERR212924,CC22
ERR212925,CC1
ERR212926,CC45
ERR212927,CC1
ERR212928,CC22
ERR212929,CC22
ERR212930,CC22
ERR212933,CC22
ERR212934,CC22
ERR212935,CC22
ERR212937,CC1
ERR212938,CC1
ERR212939,CC22
ERR212940,CC1
ERR212941,CC22
ERR212942,CC30
ERR212943,CC22
ERR212944,CC22
ERR212946,CC22
ERR212947,CC8
ERR212948,CC30
ERR212949,CC22
ERR212950,CC22
ERR212951,CC22
ERR212952,CC22
ERR212953,CC22
ERR212954,CC30
ERR212955,CC22
ERR212956,CC22
ERR212957,CC22
ERR212958,CC22
ERR212959,CC22
ERR212960,CC72
ERR212961,CC22
ERR212962,CC30
ERR212963,CC22
ERR212964,CC22
ERR212965,CC22
ERR212966,CC22
ERR212967,CC22
ERR212968,CC22
ERR212969,CC22
ERR212970,CC22
ERR212971,CC22
ERR212972,CC22
ERR212973,CC22
ERR212974,CC80
ERR212975,CC15
ERR212976,CC22
ERR212977,CC22
ERR212978,CC22
ERR212979,CC22
ERR212980,CC22
ERR212981,CC22
ERR212982,CC30
ERR212983,CC22
ERR212984,CC22
ERR212985,CC22
ERR212986,CC5
ERR212987,CC30
ERR212988,CC22
ERR212989,CC1
ERR212990,CC22
ERR212991,CC22
ERR212992,CC22
ERR212993,CC130
ERR212994,CC5
ERR212995,CC22
ERR212996,CC22
ERR212997,CC22
ERR212998,CC22
ERR212999,CC8
ERR213000,CC5
ERR213001,CC8
ERR213002,CC22
ERR213003,CC1
ERR213004,CC1
ERR213005,CC22
ERR213006,CC22
ERR213007,CC22
ERR213008,CC22
ERR213009,CC5
ERR213010,CC22
ERR213011,CC22
ERR213012,CC45
ERR213013,CC30
ERR213014,CC8
ERR213015,CC22
ERR213016,CC22
ERR213017,CC22
ERR213018,CC22
ERR213019,CC1
ERR213020,CC59
ERR213021,CC30
ERR213022,CC22
ERR213023,CC22
ERR213024,CC22
ERR213025,CC59
ERR213026,CC22
ERR355928,CC8
ERR355929,CC78
ERR355930,CC5
ERR355931,CC5
ERR355932,CC30
ERR355933,CC30
ERR355934,CC22
ERR355935,CC8
ERR3826069,CC22
ERR3826070,CC22
ERR3826071,CC59
ERR3826072,CC22
ERR3826073,CC8
ERR3826074,CC59
ERR3826075,CC5
ERR3826076,CC22
ERR3826077,CC22
ERR3826078,CC22
ERR3826079,CC59
ERR3826080,CC22
ERR3826081,CC22
ERR3826082,CC45
ERR3826083,CC45
ERR3826084,CC22
ERR3826085,CC22
ERR3826086,CC22
ERR3826087,CC22
ERR3826088,CC22
ERR3826089,CC1
ERR3826090,CC30
ERR3826091,CC1
ERR3826092,CC22
ERR3826093,CC59
ERR3826094,CC59
ERR3826095,CC59
ERR3826096,CC22
ERR3826097,CC22
ERR3826098,CC1
ERR3826099,CC30
ERR3826100,CC22
ERR3826101,CC22
ERR3826102,CC22
ERR3826103,CC22
ERR3826104,CC22
ERR3826105,CC45
ERR3826106,CC5
ERR3826107,CC59
ERR3826108,CC45
ERR3826109,CC5
ERR3826110,CC8
ERR3826111,CC59
ERR3826112,CC1
ERR3826113,CC22
ERR3826114,CC22
ERR3826115,CC45
ERR3826116,CC22
ERR3826117,CC22
ERR3826118,CC5
ERR3826119,CC5
ERR3826120,CC22
ERR3826121,CC22
ERR3826122,CC45
ERR3826123,CC5
ERR3826124,CC22
ERR3826125,CC22
ERR3826126,CC22
ERR3826127,CC22
ERR3826128,CC1
ERR3826129,CC22
ERR3826130,CC97
ERR3826131,CC8
ERR3826132,CC59
ERR3826133,CC45
ERR3826134,CC8
ERR3826135,CC22
ERR3826136,CC22
ERR3826137,CC59
ERR3826138,CC30
ERR3826139,CC22
ERR3826140,CC22
ERR3826141,CC1
ERR3826142,CC22
ERR3826143,CC22
ERR3826144,CC22
ERR3826145,CC22
ERR3826146,CC45
ERR3826147,CC59
ERR3826148,CC59
ERR3826149,CC22
ERR3826150,CC22
ERR3826151,CC45
ERR3826152,CC22
ERR3826153,CC22
ERR3826154,CC22
ERR3826155,CC1
ERR3826156,CC5
ERR3826157,CC22
ERR3826158,CC22
ERR3826159,CC45
ERR3826160,CC5
ERR3826161,CC22
ERR3826162,CC22
ERR3826163,CC5
ERR3826164,CC22
ERR3826165,CC22
ERR3826166,CC5
ERR3826167,CC22
ERR3826168,CC22
ERR3826169,CC5
ERR3826170,CC22
ERR3826171,CC78
ERR3826172,CC22
ERR3826173,CC22
ERR3826174,CC22
ERR3826175,CC22
ERR3826176,CC22
ERR3826177,CC22
ERR3826178,CC22
ERR3826179,CC22
ERR3826180,CC22
ERR3826181,CC22
ERR3826182,CC22
ERR3826183,CC22
ERR3826184,CC5
ERR3826185,CC22
ERR3826186,CC5
ERR3826187,CC398/CC5561
ERR3826188,CC45
ERR3826189,CC22
ERR3826190,CC8
ERR3826191,CC45
ERR3826192,CC5
ERR3826193,CC22
ERR3826194,CC1
ERR3826195,CC45
ERR3826196,CC22
ERR3826197,CC59
ERR3826198,CC8
ERR3826199,CC22
ERR3826200,CC22
ERR3826201,CC22
ERR3826202,CC22
ERR3826203,CC45
ERR3826204,CC22
ERR3826205,CC59
ERR3826206,CC22
ERR3826207,CC59
ERR3826208,CC5
ERR3826209,CC22
ERR3826210,CC59
ERR3826211,CC30
ERR3826212,CC59
ERR3826213,CC1
ERR3826214,CC22
ERR3826215,CC59
ERR3826216,CC59
ERR3826217,CC8
ERR3826218,CC22
ERR3826219,CC45
ERR3826220,CC59
ERR3826221,CC30
ERR3826222,CC22
ERR3826223,CC8
ERR3826224,CC22
ERR3826225,CC72
ERR3826226,CC5
ERR3826227,CC22
ERR3826228,CC5
ERR3826229,CC22
ERR3826230,CC22
ERR3826231,CC1
ERR3826232,CC5
ERR3826233,CC30
ERR3826234,CC59
ERR3826235,CC8
ERR3826236,CC80
ERR3826237,CC22
ERR3826238,CC45
ERR3826239,CC97
ERR3826240,CC45
ERR3826241,CC5
ERR3826242,Unknown
ERR3826243,CC59
ERR3826244,CC97
ERR3826245,CC6
ERR3826246,CC22
ERR3826247,CC5
ERR3826248,CC8
ERR3826249,CC22
ERR3826250,CC5
ERR3826251,CC5
ERR3826252,CC59
ERR3826253,Unknown
ERR3826254,CC152
ERR3826255,CC22
ERR3826256,CC59
ERR3826257,CC6
ERR3826258,CC45
ERR3826259,CC1
ERR3826260,CC59
ERR3826261,CC22
ERR3826262,CC22
ERR3826263,CC22
ERR3826264,CC59
ERR3826265,CC22
ERR3826266,CC22
ERR3826267,CC59
ERR3826268,CC72
ERR3826269,Unknown
ERR3826270,CC72
ERR3826271,CC45
ERR3826272,CC5
ERR3826273,CC78
ERR3826274,CC22
ERR3826275,CC398/CC5561
ERR3826276,CC5
ERR3826277,CC22
ERR3826278,CC8
ERR3826279,CC45
ERR3826280,CC5
ERR3826281,CC22
ERR3826282,CC6
ERR3826283,CC22
ERR3826284,CC121
ERR3826285,CC22
ERR3826286,CC22
ERR3826287,CC22
ERR3826288,CC22
ERR3826289,CC45
ERR3826290,CC22
ERR3826291,CC15
ERR3826292,CC22
ERR3826293,CC22
ERR3826294,CC59
ERR3826295,CC22
ERR3826296,CC6
ERR3826297,CC45
ERR3826298,CC22
ERR3826299,CC22
ERR3826300,CC22
ERR3826301,CC45
ERR3826302,CC22
ERR3826303,CC59
ERR3826304,CC22
ERR3826305,CC5
ERR3826306,CC22
ERR3826307,CC8
ERR3826308,CC22
ERR3826309,CC22
ERR3826310,CC6
ERR3826311,CC22
ERR3826312,CC22
ERR3826313,CC6
ERR3826314,CC22
ERR3826315,CC45
ERR3826316,CC22
ERR3826317,CC45
ERR3826318,CC22
ERR3826319,CC22
ERR3826320,CC22
ERR3826321,CC45
ERR3826322,CC22
ERR3826323,CC22
ERR3826324,CC22
ERR3826325,CC5
ERR3826326,CC5
ERR3826327,CC22
ERR3826328,CC22
ERR3826329,CC59
ERR3826330,CC22
ERR3826331,CC22
ERR3826332,CC59
ERR3826333,CC15
ERR3826334,CC22
ERR3826335,CC5
ERR3826336,CC22
ERR3826337,CC6
ERR3826338,CC8
ERR3826339,CC8
ERR3826340,CC45
ERR3826341,CC97
ERR3826342,CC22
ERR3826343,CC22
ERR3826344,CC8
ERR3826345,CC22
ERR3826346,CC97
ERR3826347,CC8
ERR3826348,CC5
ERR3826349,CC22
ERR3826350,CC22
ERR3826351,CC59
ERR3826352,CC22
ERR3826353,CC22
ERR3826354,CC22
ERR3826355,CC97
ERR3826356,CC59
ERR3826357,CC22
ERR3826358,CC5
ERR3826359,CC22
ERR3826360,CC22
ERR3826361,CC45
ERR3826362,CC45
ERR3826363,CC22
ERR3826364,CC1
ERR3826365,CC78
ERR3826366,CC6
ERR3826367,CC78
ERR3826368,CC22
ERR3826369,CC22
ERR3826370,CC22
ERR3826371,CC45
ERR3826372,CC5
ERR3826373,CC22
ERR3826374,CC6
ERR3826375,CC22
ERR3826376,CC22
ERR3826377,CC22
ERR3826378,CC15
ERR3826379,CC22
ERR3826380,CC22
ERR3826381,CC22
ERR3826382,CC22
ERR3826383,CC59
ERR3826384,CC22
ERR3826385,CC22
ERR3826386,CC22
ERR3826387,CC22
ERR3826388,CC22
ERR3826389,CC5
ERR3826390,CC45
ERR3826391,CC5
ERR3826392,CC45
ERR3826393,CC22
ERR3826394,CC22
ERR3826395,CC59
ERR3826396,CC45
ERR3826397,CC1
ERR3826398,CC22
ERR3826399,CC1
ERR3826400,CC30
ERR3826401,CC5
ERR3826402,CC12
ERR3826403,CC45
ERR3826404,CC22
ERR3826405,CC97
ERR3826406,CC30
ERR3826407,CC22
ERR3826408,CC22
ERR3826409,CC45
ERR3826410,CC30
ERR3826411,CC22
ERR3826412,CC1
ERR3826413,CC45
ERR3826414,CC22
ERR3826415,CC22
ERR3826416,CC22
ERR3826417,CC22
ERR3826418,CC59
ERR3826419,CC5
ERR3826420,CC5
ERR3826421,CC130
ERR3826422,CC59
ERR3826423,CC30
ERR3826424,CC59
ERR3826425,CC398/CC5561
ERR3826426,CC30
ERR3826427,CC22
ERR3826428,Unknown
ERR3826429,CC1
ERR3826430,CC59
ERR3826431,CC22
ERR3826432,CC59
ERR3826433,CC30
ERR3826434,CC59
ERR3826435,CC6
ERR3826436,CC72
ERR3826437,CC22
ERR3826438,CC45
ERR3826439,CC22
ERR3826440,CC45
ERR3826441,CC22
ERR3826442,CC59
ERR3826443,CC22
ERR3826444,CC22
ERR3826445,CC22
ERR3826446,CC45
ERR3826447,CC22
ERR3826448,CC22
ERR3826449,CC22
ERR3826450,CC22
ERR3826451,CC8
ERR3826452,CC5
ERR3826453,CC45
ERR3826454,CC22
ERR3826455,CC1
ERR3826456,CC45
ERR3826457,CC22
ERR3826458,CC45
ERR3826459,CC45
ERR3826460,CC22
ERR3826461,CC30
ERR3826462,CC22
ERR3826463,CC22
ERR3826464,CC45
ERR3826465,CC6
ERR3826466,CC22
ERR3826467,CC22
ERR3826468,CC8
ERR3826469,CC22
ERR3826470,CC398/CC5561
ERR3826471,CC22
ERR3826472,CC30
ERR3826473,CC22
ERR3826474,CC22
ERR3826475,CC130
ERR3826476,CC22
ERR3826477,CC22
ERR3826478,CC59
ERR3826479,CC45
ERR3826480,CC22
ERR3826481,CC45
ERR3826482,CC22
ERR3826483,CC22
ERR3826484,CC15
ERR3826485,CC45
ERR3826486,CC22
ERR3826487,CC30
ERR3826488,CC22
ERR3826489,CC59
ERR3826490,CC22
ERR3826491,CC22
ERR3826492,CC22
ERR3826493,CC22
ERR3826494,CC22
ERR3826495,CC22
ERR3826496,CC22
ERR3826497,CC22
ERR3826498,CC22
ERR3826499,CC22
ERR3826500,CC5
ERR3826501,CC22
ERR3826502,CC22
ERR3826503,CC5
ERR3826504,CC22
ERR3826505,CC22
ERR3826506,CC5
ERR3826507,CC772/CC834
ERR3826508,CC22
ERR3826509,CC5
ERR3826510,CC22
ERR3826511,CC45
ERR3826512,CC8
ERR3826513,CC6
ERR3826514,CC22
ERR3826515,CC22
ERR3826516,CC5
ERR3826517,CC97
ERR3826518,CC22
ERR3826519,CC59
ERR3826520,CC22
ERR3826521,CC22
ERR3826522,CC22
ERR3826523,CC22
ERR3826524,CC45
ERR3826525,CC22
ERR3826526,CC22
ERR3826527,CC22
ERR3826528,CC22
ERR3826529,CC6
ERR3826530,CC22
ERR3826531,CC8
ERR3826532,CC22
ERR3826533,CC22
ERR3826534,CC22
ERR3826535,CC59
ERR3826536,CC22
ERR3826537,CC5
ERR3826538,CC22
ERR3826539,CC59
ERR3826540,CC5
ERR3826541,CC22
ERR3826542,CC45
ERR3826543,CC22
ERR3826544,CC45
ERR3826545,CC22
ERR3826546,CC45
ERR3826547,CC59
ERR3826548,CC22
ERR3826549,CC45
ERR3826550,CC789
ERR3826551,CC22
ERR3826552,CC59
ERR3826553,CC22
ERR3826554,CC22
ERR3826555,CC45
ERR3826556,CC8
ERR3826557,CC22
ERR3826558,CC398/CC5561
ERR3826559,CC22
ERR3826560,CC30
ERR3826561,CC72
ERR3826562,CC22
ERR3826563,CC22
ERR3826564,CC22
ERR3826565,CC22
ERR3826566,CC22
ERR3826567,CC22
ERR3826568,CC59
ERR3826569,CC45
ERR3826570,CC30
ERR3826571,CC22
ERR3826572,CC59
ERR3826573,CC45
ERR3826574,CC45
ERR3826575,CC30
ERR3826576,CC22
ERR3826577,CC22
ERR3826578,CC22
ERR3826579,CC45
ERR3826580,CC22
ERR3826581,CC22
ERR3826582,CC5
ERR3826583,CC22
ERR3826584,CC22
ERR3826585,CC22
ERR3826586,CC6
ERR3826587,CC22
ERR3826588,CC30
ERR3826589,CC22
ERR3826590,CC22
ERR3826591,CC45
ERR3826592,CC22
ERR3826593,CC45
ERR3826594,CC22
ERR3826595,CC80
ERR3826596,CC22
ERR3826597,CC5
ERR3826598,CC22
ERR3826599,CC22
ERR3826600,CC22
ERR3826601,CC22
ERR3826602,CC22
ERR3826603,CC789
ERR3826604,CC779
ERR3826605,CC22
ERR3826606,CC5
ERR3826607,CC45
ERR3826608,CC1
ERR3826609,CC45
ERR3826610,CC1
ERR3826611,CC22
ERR3826612,CC22
ERR3826613,CC22
ERR3826614,CC1
ERR3826615,CC8
ERR3826616,CC772/CC834
ERR3826617,CC22
ERR3826618,CC45
ERR3826619,CC59
ERR3826620,CC22
ERR3826621,CC22
ERR3826622,CC1
ERR3826623,CC121
ERR3826624,CC45
ERR3826625,CC1
ERR3826626,CC59
ERR3826627,CC22
ERR3826628,CC22
ERR3826629,CC45
ERR3826630,CC22
ERR3826631,CC1
ERR3826632,CC30
ERR3826633,CC5
ERR3826634,CC22
ERR3826635,CC22
ERR3826636,CC22
ERR3826637,CC1
ERR3826638,CC789
ERR3826639,CC72
ERR3826640,CC22
ERR3826641,CC398/CC5561
ERR3826642,CC8
ERR3826643,CC1
ERR3826644,CC22
ERR3826645,CC59
ERR3826646,CC22
ERR3826647,CC80
ERR3826648,CC8
ERR3826649,CC22
ERR3826650,CC22
ERR3826651,CC22
ERR3826652,CC6
ERR3826653,CC22
ERR3826654,CC22
ERR3826655,CC22
ERR3826656,CC59
ERR3826657,CC8
ERR3826658,CC1
ERR3826659,CC22
ERR3826660,CC22
ERR3826661,CC59
ERR3826662,CC45
ERR3826663,CC22
ERR3826664,CC22
ERR3826665,CC22
ERR3826666,CC22
ERR3826667,CC22
ERR3826668,CC22
ERR3826669,CC59
ERR3826670,CC22
ERR3826671,CC59
ERR3826672,CC22
ERR3826673,CC5
ERR3826674,CC22
ERR3826675,CC5
ERR3826676,CC22
ERR3826677,CC15
ERR3826678,CC45
ERR3826679,CC45
ERR3826680,CC5
ERR3826681,CC30
ERR3826682,CC22
ERR3826683,CC130
ERR3826684,CC8
ERR3826685,CC22
ERR3826686,CC425
ERR3826687,CC22
ERR3826688,CC22
ERR3826689,CC22
ERR3826690,CC5
ERR3826691,CC45
ERR3826692,CC45
ERR3826693,CC22
ERR3826694,CC22
ERR3826695,CC22
ERR3826696,CC22
ERR3826697,CC22
ERR3826698,CC80
ERR3826699,CC5
ERR3826700,CC5
ERR3826701,CC22
ERR3826702,CC22
ERR3826703,CC72
ERR3826704,CC45
ERR3826705,CC45
ERR3826706,CC6
ERR3826707,CC1
ERR3826708,CC59
ERR3826709,CC45
ERR3826710,CC1
ERR3826711,CC772/CC834
ERR3826712,CC5
ERR3826713,CC5
ERR3826714,CC22
ERR3826715,CC5
ERR3826716,CC22
ERR3826717,CC30
ERR3826718,CC45
ERR3826719,CC130
ERR3826720,CC22
ERR3826721,CC22
ERR3826722,CC22
ERR3826723,CC22
ERR3826724,CC1
ERR3826725,CC1
ERR3826726,CC22
ERR3826727,CC5
ERR3826728,CC22
ERR3826729,CC45
ERR3826730,CC5
ERR3826731,CC45
ERR3826732,CC22
ERR3826733,CC22
ERR3826734,CC1
ERR3826735,CC22
ERR3826736,CC8
ERR3826737,CC22
ERR3826738,CC1
ERR3826739,CC1
ERR3826740,CC22
ERR3826741,CC22
ERR3826742,CC1
ERR3826743,CC22
ERR3826744,CC22
ERR3826745,CC45
ERR3826746,CC22
ERR3826747,CC80
ERR3826748,CC22
ERR3826749,CC22
ERR3826750,CC22
ERR3826751,CC5
ERR3826752,CC22
ERR3826753,CC22
ERR3826754,CC5
ERR3826755,CC22
ERR3826756,CC45
ERR3826757,CC22
ERR3826758,CC22
ERR3826759,CC97
ERR3826760,CC22
ERR3826761,CC22
ERR3826762,CC22
ERR3826763,CC5
ERR3826764,CC22
ERR3826765,CC22
ERR3826766,CC22
ERR3826767,CC8
ERR3826768,CC45
ERR3826769,CC45
ERR3826770,CC22
ERR3826771,CC1
ERR3826772,CC59
ERR3826773,CC5
ERR3826774,CC22
ERR3826775,CC22
ERR3826776,CC45
ERR3826777,CC22
ERR3826778,CC6
ERR3826779,CC8
ERR3826780,CC22
ERR3826781,CC22
ERR3826782,CC45
ERR3826783,CC22
ERR3826784,CC22
ERR3826785,CC22
ERR3826786,CC22
ERR3826787,CC22
ERR3826788,CC1
ERR3826789,CC59
ERR3826790,CC22
ERR3826791,CC6
ERR3826792,CC22
ERR3826793,CC22
ERR3826794,CC80
ERR3826795,CC22
ERR3826796,CC22
ERR3826797,CC22
ERR3826798,CC22
ERR3826799,CC30
ERR3826800,CC5
ERR3826801,CC6
ERR3826802,CC22
ERR3826803,CC361
ERR3826804,CC22
ERR3826805,CC45
ERR3826806,CC59
ERR3826807,CC22
ERR3826808,CC22
ERR3826809,CC22
ERR3826810,CC97
ERR3826811,CC22
ERR3826812,CC45
ERR3826813,CC22
ERR3826814,CC8
ERR3826815,CC30
ERR3826816,CC59
ERR3826817,CC5
ERR3826818,CC22
ERR3826819,CC22
ERR3826820,CC59
ERR3826821,CC22
ERR3826822,CC59
ERR3826823,CC22
ERR3826824,CC59
ERR3826825,CC5
ERR3826826,CC15
ERR3826827,CC22
ERR3826828,CC22
ERR3826829,CC5
ERR3826830,CC5
ERR3826831,CC45
ERR3826832,CC1
ERR3826833,CC5
ERR3826834,CC5
ERR3826835,CC59
ERR3826836,CC8
ERR3826837,CC1
ERR3826838,CC1
ERR3826839,CC8
ERR3826840,CC22
ERR3826841,CC30
ERR3826842,CC22
ERR3826843,CC1
ERR3826844,CC5
ERR3826845,CC45
ERR3826846,CC30
ERR3826847,CC22
ERR3826848,CC8
ERR3826849,CC22
ERR3826850,CC22
ERR3826851,CC5
ERR3826852,CC59
ERR3826853,CC59
ERR3829616,CC30
ERR701905,CC22
ERR701906,CC22
ERR701907,CC22
ERR701908,CC22
ERR701909,CC22
ERR701910,CC22
ERR701911,CC22
ERR701912,CC22
ERR701913,CC22
ERR701914,CC22
ERR701915,CC22
ERR701916,CC22
ERR701917,CC22
ERR701918,CC22
ERR701919,CC8
ERR701920,CC22
ERR701921,CC22
ERR701922,CC30
ERR701923,CC22
ERR701924,CC22
ERR701925,CC22
ERR701926,CC22
ERR701927,CC22
ERR701928,CC22
ERR701929,CC130
ERR701930,CC22
ERR701931,CC22
ERR701932,CC22
ERR701933,CC22
ERR701934,CC22
ERR701935,CC22
ERR701936,CC22
ERR701937,CC1
ERR701938,CC22
ERR701939,CC22
ERR701940,CC22
ERR701941,CC22
ERR701942,CC80
ERR701943,CC22
ERR701944,CC22
ERR701945,CC8
ERR701946,CC22
ERR701947,CC45
ERR701948,CC22
ERR701949,CC22
ERR701950,CC1
ERR701951,CC772/CC834
ERR701952,CC22
ERR701953,CC22
ERR701954,CC22
ERR701955,CC22
ERR701956,CC22
ERR701957,CC59
ERR701958,CC22
ERR701959,CC22
ERR701960,CC1
ERR701961,CC22
ERR701962,CC22
ERR701963,CC22
ERR701964,CC80
ERR701965,CC22
ERR701966,CC22
ERR701967,CC22
ERR701968,CC22
ERR701969,CC22
ERR701970,CC22
ERR701971,CC22
ERR701972,CC22
ERR701973,CC22
ERR701974,CC45
ERR701975,CC22
ERR701976,CC15
ERR701977,CC22
ERR701978,CC22
ERR701979,CC22
ERR701980,CC22
ERR701981,CC22
ERR701982,CC22
ERR701983,CC22
ERR701984,CC22
ERR701985,CC22
ERR701986,CC1
ERR701987,CC22
ERR701988,CC45
ERR701989,CC22
ERR701990,CC22
ERR701991,CC361
ERR701992,CC5
ERR701993,CC22
ERR701994,CC8
ERR701995,CC22
ERR701996,CC22
ERR701997,CC22
ERR701998,CC5
ERR701999,CC22
ERR702000,CC59
ERR702001,CC30
ERR702002,CC22
ERR702003,CC22
ERR702004,CC22
ERR702005,CC22
ERR702006,CC80
ERR702007,CC22
ERR702008,CC22
ERR702009,CC1
ERR702010,CC22
ERR702011,CC22
ERR702012,CC59
ERR702013,CC22
ERR702014,CC22
ERR702015,CC1
ERR702016,CC22
ERR702017,CC8
ERR702018,CC22
ERR702019,CC22
ERR702020,CC22
ERR702021,CC22
ERR702022,CC22
ERR702023,CC22
ERR702024,CC22
ERR702025,CC15
ERR702026,CC22
ERR702027,CC22
ERR702028,CC22
ERR702029,CC45
ERR702030,CC22
ERR702031,CC30
ERR702032,CC30
ERR702033,CC22
ERR702034,CC45
ERR702035,CC22
ERR702036,CC22
ERR702037,CC30
ERR702038,CC22
ERR702039,CC22
ERR702040,CC22
ERR702041,CC45
ERR702042,CC22
ERR702043,CC22
ERR702044,CC22
ERR702045,CC22
ERR702046,CC5
ERR702047,CC5
ERR702048,CC22
ERR702049,CC22
ERR702050,CC8
ERR702051,CC22
ERR702052,CC22
ERR702053,CC22
ERR702054,CC22
ERR702055,CC8
ERR702056,CC22
ERR702057,CC22
ERR702058,CC22
ERR702059,CC59
ERR702060,CC22
ERR702061,CC45
ERR702062,CC22
ERR702063,CC22
ERR702064,CC22
ERR702065,CC22
ERR702066,CC22
ERR702067,CC45
ERR702068,CC45
ERR702069,CC22
ERR702070,CC22
ERR702071,CC30
ERR702072,CC22
ERR702073,CC22
ERR702074,CC1
ERR702075,CC22
ERR702076,CC22
ERR702077,CC22
ERR702078,CC22
ERR702079,CC22
ERR702080,CC22
ERR702081,CC22
ERR702082,CC22
ERR702083,CC22
ERR702084,CC22
ERR702085,CC30
ERR702086,CC22
ERR702087,CC5
ERR702088,CC6
ERR702089,CC22
ERR702090,CC22
ERR702091,CC22
ERR702092,CC22
ERR702093,CC22
ERR702094,CC30
ERR702095,CC22
ERR702096,CC22
ERR702097,CC22
ERR702098,CC30
ERR702099,CC8
ERR702100,CC22
ERR702101,CC1
ERR702102,CC22
ERR702103,CC22
ERR702104,CC22
ERR702105,CC22
ERR702106,CC22
ERR702107,CC22
ERR702108,CC22
ERR702109,CC22
ERR702110,Unknown
ERR702111,CC22
ERR702112,CC22
ERR702113,CC22
ERR702114,CC5
ERR702115,CC22
ERR702116,CC45
ERR702117,CC30
ERR702118,CC22
ERR702119,CC1
ERR702120,CC22
ERR702121,CC22
ERR702122,CC22
ERR702123,CC5
ERR702124,CC22
ERR702125,CC22
ERR702126,CC22
ERR702127,CC1
ERR702128,CC22
ERR702129,CC22
ERR702130,CC1
ERR702131,CC22
ERR702132,CC22
ERR702133,CC22
ERR702134,CC22
ERR702135,CC22
ERR702136,CC22
ERR702137,CC22
ERR702138,CC22
ERR702139,CC5
ERR702140,CC22
ERR702141,CC30
ERR702142,CC22
ERR702143,CC22
ERR702144,CC22
ERR702145,CC30
ERR702146,CC22
ERR702147,CC22
ERR702148,CC361
ERR702149,CC22
ERR702150,CC22
ERR702151,CC22
ERR702152,CC22
ERR702153,CC22
ERR702154,CC22
ERR702155,CC22
ERR702156,CC22
ERR702157,CC22
ERR702158,CC22
ERR702159,CC45
ERR702160,CC30
ERR702161,CC22
ERR702162,CC22
ERR702163,CC22
ERR702164,CC1
ERR702165,CC22
ERR702166,CC22
ERR702167,CC22
ERR702168,CC22
ERR702169,CC22
ERR702170,CC8
ERR702171,CC22
ERR702172,CC22
ERR702173,CC22
ERR702174,CC22
ERR702175,CC45
ERR702176,CC22
ERR702177,CC22
ERR702178,CC80
ERR702179,CC8
ERR702180,CC22
ERR702181,CC22
ERR702182,CC22
ERR702183,CC22
ERR702184,CC22
ERR702185,CC45
ERR702186,CC22
ERR702187,CC22
ERR702188,CC22
ERR702189,CC22
ERR702190,CC22
ERR702191,CC22
ERR702192,CC22
ERR702193,CC22
ERR702194,CC22
ERR702195,CC1
ERR702196,CC22
ERR702197,CC22
ERR702198,CC5
ERR702199,CC22
ERR702200,CC8
ERR702201,CC22
ERR702202,CC22
ERR702203,CC22
ERR702204,CC45
ERR702205,CC22
ERR702206,CC22
ERR702207,CC22
ERR702208,CC8
ERR702209,CC45
ERR702210,CC8
ERR702211,CC22
ERR702212,CC22
ERR702213,CC5
ERR702214,CC22
ERR702215,CC8
ERR702216,CC45
ERR702217,CC30
ERR702218,CC22
ERR702219,CC22
ERR702220,CC22
ERR702221,CC22
ERR702222,CC22
ERR702223,CC22
ERR714728,CC22
ERR714729,CC45
ERR714730,CC59
ERR714731,CC22
ERR714732,CC30
ERR714733,CC22
ERR714734,CC22
ERR714735,CC5
ERR714736,CC30
ERR714737,CC22
ERR714738,CC22
ERR714739,CC22
ERR714740,CC22
ERR714741,CC1
ERR714742,CC22
ERR714743,CC30
ERR714744,CC22
ERR714745,CC1
ERR714746,CC22
ERR714747,CC59
ERR714748,CC5
ERR714749,CC30
ERR714750,CC22
ERR714751,CC30
ERR714752,CC59
ERR714753,CC22
ERR714754,CC30
ERR714755,CC22
ERR714756,CC22
ERR714757,CC22
ERR714758,CC22
ERR714759,CC22
ERR714760,CC22
ERR714761,CC22
ERR714762,CC5
ERR714763,CC22
ERR714764,CC22
ERR714765,CC22
ERR714766,CC15
ERR714767,CC30
ERR714768,CC22
ERR714769,CC45
ERR714770,CC22
ERR714771,CC22
ERR714772,CC22
ERR714773,CC15
ERR714774,CC22
ERR714775,CC22
ERR714776,CC22
ERR714777,CC22
ERR714778,Unknown
ERR714779,CC22
ERR714780,CC22
ERR714781,CC5
ERR714782,CC5
ERR714783,CC22
ERR714784,CC22
ERR714785,CC22
ERR714786,CC45
ERR714787,CC22
ERR714788,CC59
ERR714789,CC22
ERR714790,CC30
ERR714791,CC30
ERR714792,CC59
ERR714793,CC22
ERR714794,CC45
ERR714795,CC59
ERR714796,CC22
ERR714797,CC22
ERR714798,CC22
ERR714799,CC22
ERR714800,CC22
ERR714801,CC72
ERR714802,CC22
ERR714803,CC30
ERR714804,CC22
ERR714805,CC5
ERR714806,CC6
ERR714807,CC5
ERR714808,CC22
ERR714809,CC22
ERR714810,CC22
ERR714811,CC22
ERR714812,CC22
ERR714813,CC22
ERR714814,CC22
ERR714815,CC22
ERR714816,CC22
ERR714817,CC22
ERR714818,CC22
ERR714819,CC22
ERR714820,CC22
ERR714821,CC22
ERR714822,CC361
ERR714823,CC22
ERR714824,CC22
ERR714825,CC22
ERR714826,CC22
ERR714827,CC22
ERR714828,CC22
ERR714829,CC22
ERR714830,CC22
ERR714831,CC22
ERR714832,CC22
ERR714833,CC22
ERR714834,CC22
ERR714835,CC22
ERR714836,CC22
ERR714837,CC5
ERR714838,CC22
ERR714839,CC22
ERR714840,CC5
ERR714841,CC22
ERR714842,CC5
ERR714843,CC8
ERR714844,CC8
ERR714845,CC8
ERR714846,CC22
ERR714847,CC1
ERR714848,CC45
ERR714849,CC22
ERR714850,CC22
ERR714851,CC22
ERR714852,CC1
ERR714853,CC30
ERR714854,CC22
ERR714855,CC22
ERR714856,CC22
ERR714857,CC80
ERR714858,CC8
ERR714859,CC5
ERR714860,CC22
ERR714861,CC22
ERR714862,CC22
ERR714863,CC1
ERR714864,CC45
ERR714865,CC22
ERR714866,CC22
ERR714867,CC1
ERR714868,CC22
ERR714869,CC22
ERR714870,CC5
ERR714871,CC22
ERR714872,CC22
ERR714873,CC22
ERR714874,CC361
ERR714875,CC22
ERR714876,CC22
ERR714877,CC22
ERR714878,CC22
ERR714879,CC30
ERR714880,CC22
ERR714881,CC22
ERR714882,CC22
ERR714883,CC22
ERR714884,CC22
ERR714885,CC22
ERR714886,CC22
ERR714887,CC5
ERR714888,CC22
ERR714889,CC22
ERR714890,CC22
ERR714891,CC22
ERR714892,CC22
ERR714893,CC22
ERR714894,CC22
ERR714895,CC22
ERR714896,CC22
ERR714897,CC22
ERR714898,CC45
ERR714899,CC45
ERR714900,CC30
ERR714901,CC22
ERR714902,CC22
ERR714903,CC22
ERR714904,CC22
ERR714905,CC1
ERR714906,CC30
ERR714907,CC45
ERR714908,CC30
ERR714909,CC59
ERR714910,CC45
ERR714911,CC22
ERR714912,CC22
ERR714913,CC22
ERR714914,CC22
ERR714915,CC22
ERR714916,CC1
ERR714917,CC30
ERR714918,CC22
ERR714919,CC22
ERR714920,CC22
ERR714921,CC22
ERR714922,CC22
ERR714923,CC22
ERR714924,CC30
ERR714925,CC22
ERR714926,CC22
ERR714927,CC22
ERR714928,CC22
ERR714929,CC30
ERR714930,CC1
ERR714931,CC22
ERR714932,CC22
ERR714933,CC22
ERR714934,CC22
ERR714935,CC130
ERR714936,CC22
ERR714937,CC22
ERR714938,CC22
ERR714939,CC22
ERR714940,CC59
ERR714941,CC22
ERR714942,CC22
ERR714943,CC22
ERR714944,CC22
ERR714945,CC22
ERR714946,CC45
ERR714947,Unknown
ERR714948,CC22
ERR714949,CC1
ERR714950,CC5
ERR714951,CC22
ERR714952,CC22
ERR714953,CC22
ERR714954,CC22
ERR714955,CC22
ERR714956,CC22
ERR714957,CC22
ERR714958,CC22
ERR714959,CC22
ERR714960,CC8
ERR714961,CC30
ERR714962,CC22
ERR714963,CC22
ERR714964,CC22
ERR714965,CC30
ERR714966,CC30
ERR714967,CC22
ERR714968,CC22
ERR714969,CC45
ERR714970,CC22
ERR714971,CC5
ERR714972,CC5
ERR714973,CC30
ERR714974,CC22
ERR714975,CC8
ERR714976,CC45
ERR714977,CC22
ERR714978,CC22
ERR714979,CC22
ERR714980,CC22
ERR714981,CC22
ERR714982,CC22
ERR714983,CC1
ERR714984,CC22
ERR714985,CC22
ERR714986,CC22
ERR714987,CC80
ERR714988,CC22
ERR714989,CC22
ERR714990,CC22
ERR714991,CC22
ERR714992,CC22
ERR714993,CC22
ERR714994,CC22
ERR714995,CC30
ERR714996,CC30
ERR714997,CC22
ERR714998,CC22
ERR714999,CC22
ERR715000,CC22
ERR715001,CC22
ERR715002,CC22
ERR715003,CC59
ERR715004,CC22
ERR715005,CC22
ERR715006,CC8
ERR715007,CC22
ERR715008,CC22
ERR715009,CC30
ERR715010,CC15
ERR715011,CC22
ERR715012,CC22
ERR715013,CC22
ERR715014,CC59
ERR715015,CC22
ERR715016,CC22
ERR715017,CC22
ERR715018,CC22
ERR715019,CC30
ERR715020,CC22
ERR715021,CC5
ERR715022,CC22
ERR715023,CC22
ERR715024,CC22
ERR715025,CC6
ERR715026,CC5
ERR715027,CC5
ERR715028,CC22
ERR715029,CC22
ERR715030,CC30
ERR715031,CC22
ERR715032,CC22
ERR715033,CC22
ERR715034,CC22
ERR715035,CC22
ERR715036,CC22
ERR715037,CC22
ERR715038,CC30
ERR715039,CC22
ERR715040,CC22
ERR715041,CC22
ERR715042,CC22
ERR715043,CC22
ERR715044,Unknown
ERR715045,CC22
ERR715046,CC1
ERR715047,CC22
ERR715048,CC5
ERR715049,CC22
ERR715050,CC22
ERR715051,CC22
ERR715052,CC22
ERR715053,CC8
ERR715054,CC22
ERR715055,CC22
ERR715056,CC22
ERR715057,CC30
ERR715058,CC22
ERR715059,CC22
ERR715060,CC22
ERR715061,CC22
ERR715062,CC22
ERR715063,CC22
ERR715064,CC22
ERR715065,CC22
ERR715066,CC22
ERR715067,CC22
ERR715068,CC59
ERR715069,CC22
ERR715070,CC22
ERR715071,CC6
ERR715072,CC8
ERR715073,CC5
ERR715074,CC22
ERR715075,CC8
ERR715076,CC22
ERR715077,CC22
ERR715078,CC22
ERR715079,CC22
ERR715080,CC22
ERR715081,CC22
ERR715082,CC22
ERR715083,CC22
ERR715084,CC22
ERR715085,CC22
ERR715086,CC22
ERR715087,CC22
ERR715088,CC22
ERR715089,CC22
ERR715090,CC22
ERR715091,CC22
ERR715092,CC22
ERR715093,CC22
ERR715094,CC5
ERR715095,Unknown
ERR715096,CC22
ERR715097,CC22
ERR715098,CC22
ERR715099,CC8
ERR715100,CC1
ERR715101,CC22
ERR715102,CC22
ERR715103,CC22
ERR715104,CC1
ERR715105,CC22
ERR715106,CC22
ERR715107,CC22
ERR715108,CC22
ERR715109,CC22
ERR715110,CC22
ERR715111,CC22
ERR715112,CC22
ERR715113,CC22
ERR715114,CC5
ERR715115,CC22
ERR715116,CC22
ERR715117,CC59
ERR715118,CC22
ERR715119,CC15
ERR715120,CC398/CC5561
ERR715121,CC22
ERR715122,CC22
ERR715123,CC22
ERR715124,CC22
ERR715125,CC22
ERR715126,CC22
ERR715127,CC22
ERR715128,CC80
ERR715129,CC22
ERR715130,CC22
ERR715131,CC22
ERR715132,CC22
ERR715133,CC30
ERR715134,CC22
ERR715135,CC22
ERR715136,CC22
ERR715137,CC1
ERR715138,CC5
ERR715139,CC22
ERR715140,CC80
ERR715141,CC22
ERR715142,CC22
ERR715143,CC22
ERR715144,CC22
ERR715145,CC22
ERR715146,CC8
ERR715147,CC22
ERR715148,CC22
ERR715149,CC30
ERR715150,CC22
ERR715151,CC22
ERR715152,CC22
ERR715153,CC22
ERR715154,CC22
ERR715155,CC59
ERR715156,CC22
ERR715157,CC22
ERR715158,CC5
ERR715159,CC22
ERR715160,CC22
ERR715161,CC22
ERR715162,CC22
ERR715163,CC772/CC834
ERR715164,CC22
ERR715165,CC22
ERR715166,CC22
ERR715167,CC22
ERR715168,CC22
ERR715169,CC22
ERR715170,CC22
ERR715171,CC22
ERR715172,CC22
ERR715173,CC22
ERR715174,CC22
ERR715175,CC22
ERR715176,CC22
ERR715177,CC22
ERR715178,CC22
ERR715179,CC30
ERR715180,CC22
ERR715181,CC22
ERR715182,CC22
ERR715183,CC30
ERR715184,CC22
ERR715185,CC22
ERR715186,CC22
ERR715187,CC22
ERR715188,CC22
ERR715189,CC22
ERR715190,CC22
ERR715191,CC8
ERR715192,CC8
ERR715193,CC8
ERR715194,CC22
ERR715195,CC22
ERR715196,CC22
ERR715197,CC22
ERR715198,CC22
ERR715199,CC22
ERR715200,CC22
ERR715201,CC22
ERR715202,CC5
ERR715203,CC22
ERR715204,CC22
ERR715205,CC1
ERR715206,CC22
ERR715207,CC22
ERR715208,CC22
ERR715209,CC30
ERR715210,CC22
ERR715211,CC45
ERR715212,CC22
ERR715213,CC22
ERR715214,CC22
ERR715215,CC22
ERR715216,CC22
ERR715217,CC22
ERR715218,CC22
ERR715219,CC22
ERR715220,CC22
ERR715221,CC22
ERR715222,CC22
ERR715223,CC22
ERR715224,CC22
ERR715225,CC22
ERR715226,CC22
ERR715227,CC8
ERR715228,CC1
ERR715229,CC22
ERR715230,CC1
ERR715231,CC22
ERR715232,CC22
ERR715233,CC22
ERR715234,CC22
ERR715235,CC22
ERR715236,CC22
ERR715237,CC22
ERR715238,CC22
ERR715239,CC22
ERR715240,CC22
ERR715241,CC22
ERR715242,CC22
ERR715243,CC22
ERR715244,CC22
ERR715245,CC22
ERR715246,CC22
ERR715247,CC22
ERR715248,CC22
ERR715249,CC22
ERR715250,CC22
ERR715251,CC22
ERR715252,CC22
ERR715253,CC22
ERR715254,CC22
ERR715255,CC22
ERR715256,CC1
ERR715257,CC30
ERR715258,CC22
ERR715259,CC22
ERR715260,CC8
ERR715261,CC22
ERR715262,CC8
ERR715263,CC22
ERR715264,CC8
ERR715265,CC22
ERR715266,CC22
ERR715267,CC22
ERR715268,CC22
ERR715269,CC22
ERR715270,CC8
ERR715271,CC22
ERR715272,CC22
ERR715273,CC22
ERR715274,CC22
ERR715275,CC22
ERR715276,CC22
ERR715277,CC1
ERR715278,CC22
ERR715279,CC22
ERR715280,CC30
ERR715281,CC22
ERR715282,CC22
ERR715283,CC22
ERR715284,CC30
ERR715285,CC8
ERR715286,CC22
ERR715287,CC22
ERR715288,CC22
ERR715289,CC22
ERR715290,CC22
ERR715291,CC22
ERR715292,CC22
ERR715293,CC22
ERR715294,CC97
ERR715295,CC8
ERR715296,CC22
ERR715297,CC59
ERR715298,CC22
ERR715299,CC30
ERR715300,CC22
ERR715301,CC22
ERR715302,CC22
ERR715303,CC8
ERR715304,CC22
ERR715305,CC22
ERR715306,CC22
ERR715307,CC30
ERR715308,CC22
ERR715309,CC22
ERR715310,CC22
ERR715311,CC22
ERR715312,CC22
ERR715313,CC30
ERR715314,CC8
ERR715315,CC22
ERR715316,CC30
ERR715317,CC22
ERR715318,CC22
ERR715319,CC22
ERR715320,CC22
ERR715321,CC22
ERR715322,CC22
ERR715323,CC22
ERR715324,CC30
ERR715325,CC22
ERR715326,CC5
ERR715327,CC22
ERR715328,CC22
ERR715329,CC6
ERR715330,CC22
ERR715331,CC30
ERR715332,CC22
ERR715333,CC22
ERR715334,CC30
ERR715335,CC22
ERR715336,CC22
ERR715337,CC22
ERR715338,CC22
ERR715339,CC1
ERR715340,CC1
ERR715341,CC8
ERR715342,CC22
ERR715343,CC22
ERR715344,CC45
ERR715345,CC45
ERR715346,CC22
ERR715347,CC30
ERR715348,CC22
ERR715349,CC22
ERR715350,CC22
ERR715351,CC22
ERR715352,CC22
ERR715353,CC8
ERR715354,CC22
ERR715355,CC22
ERR715356,CC22
ERR715357,CC30
ERR715358,CC22
ERR715359,CC22
ERR715360,CC22
ERR715361,CC22
ERR715362,CC22
ERR715363,CC22
ERR715364,CC30
ERR715365,CC30
ERR715366,CC22
ERR715367,CC22
ERR715368,CC45
ERR715369,CC22
ERR715370,CC22
ERR715371,CC22
ERR715372,CC22
ERR715373,CC22
ERR715374,CC22
ERR715375,CC45
ERR715376,CC22
ERR715377,CC22
ERR715378,CC8
ERR715379,CC22
ERR715380,CC22
ERR715381,CC22
ERR715382,CC30
ERR715383,CC22
ERR715384,CC8
ERR715385,CC22
ERR715386,CC22
ERR715387,CC45
ERR715388,CC22
ERR715389,CC22
ERR715390,CC22
ERR715391,CC22
ERR715392,CC5
ERR715393,CC22
ERR715394,CC22
ERR715395,CC5
ERR715396,CC22
ERR715397,CC22
ERR715398,CC22
ERR715399,CC22
ERR715400,CC22
ERR715401,CC8
ERR715402,CC22
ERR715403,CC8
ERR715404,CC22
ERR715405,CC22
ERR715406,CC22
ERR715407,CC22
ERR715408,CC22
ERR715409,CC22
ERR715410,CC22
ERR715411,CC22
ERR715412,CC22
ERR715413,CC22
ERR715414,CC22
ERR715415,CC22
ERR715416,CC22
ERR715417,CC22
ERR715418,CC22
ERR715419,CC22
ERR715420,CC22
ERR715421,CC22
ERR715422,CC22
ERR715423,CC22
ERR715424,CC22
ERR715425,CC22
ERR715426,CC45
ERR715427,CC22
ERR715428,CC22
ERR715429,CC22
ERR715430,CC22
ERR715431,CC22
ERR715432,CC22
ERR715433,CC22
ERR715434,CC22
ERR715435,CC22
ERR715436,CC22
ERR715437,CC22
ERR715438,CC30
ERR715439,CC30
ERR715440,CC22
ERR715441,CC22
ERR715442,CC22
ERR715443,CC22
ERR715444,CC22
ERR715445,CC22
ERR715446,Unknown
ERR715447,CC1
ERR730951,CC22
ERR730952,CC1
ERR730953,CC8
ERR730954,CC22
ERR730955,CC22
ERR730956,CC22
ERR730957,CC22
ERR730958,CC22
ERR730959,CC8
ERR736942,CC22
ERR736943,CC22
ERR736944,CC1
ERR736945,CC8
ERR736946,CC22
ERR736947,CC22
ERR736948,CC6
ERR736949,CC22
ERR736950,CC22
ERR736951,CC80
ERR736952,CC22
ERR736953,CC361
ERR736954,CC22
ERR736955,CC22
ERR736956,CC22
ERR736957,CC22
ERR736958,CC5
ERR736959,CC22
ERR736960,CC22
ERR736961,CC22
ERR736962,CC22
ERR736963,CC30
ERR736964,CC8
ERR736965,CC1
ERR736966,CC30
ERR736967,CC30
ERR736968,CC22
ERR736969,CC22
ERR736970,CC22
ERR736971,CC22
ERR736972,CC30
ERR736973,CC22
ERR736974,CC22
ERR736975,CC8
ERR736976,CC22
ERR736977,CC22
ERR736978,CC8
ERR736979,CC1
ERR736980,CC22
ERR736981,CC22
ERR736982,CC22
ERR736983,CC22
ERR736984,CC22
ERR736985,CC8
ERR736986,CC22
ERR736987,CC22
ERR736988,CC22
ERR736989,CC22
ERR736990,CC22
ERR736991,CC22
ERR736992,CC22
ERR736993,CC22
ERR736994,CC1
ERR736995,CC22
ERR736996,CC22
ERR736997,CC22
ERR736998,CC22
ERR736999,CC22
ERR737000,CC22
ERR737001,CC22
ERR737002,CC22
ERR737003,CC22
ERR737004,CC5
ERR737005,CC22
ERR737006,CC22
ERR737007,CC22
ERR737008,CC22
ERR737009,CC22
ERR737010,CC22
ERR737011,CC22
ERR737012,CC30
ERR737013,CC22
ERR737014,CC22
ERR737015,CC22
ERR737016,CC22
ERR737017,CC22
ERR737018,CC22
ERR737019,CC22
ERR737020,CC22
ERR737021,CC8
ERR737022,CC45
ERR737023,CC30
ERR737024,CC22
ERR737025,CC22
ERR737026,CC22
ERR737027,CC30
ERR737028,CC22
ERR737029,CC22
ERR737030,CC22
ERR737031,CC22
ERR737032,CC22
ERR737033,CC22
ERR737034,CC22
ERR737035,CC22
ERR737036,CC30
ERR737037,CC22
ERR737038,CC22
ERR737039,CC22
ERR737040,CC22
ERR737041,CC22
ERR737042,CC8
ERR737043,CC22
ERR737044,CC22
ERR737045,CC22
ERR737046,CC22
ERR737047,CC22
ERR737048,CC5
ERR737049,CC22
ERR737050,CC22
ERR737051,CC22
ERR737052,CC22
ERR737053,CC22
ERR737054,CC22
ERR737055,CC30
ERR737056,CC22
ERR737057,CC22
ERR737058,CC22
ERR737059,CC22
ERR737060,CC22
ERR737061,CC22
ERR737062,CC22
ERR737063,CC22
ERR737064,CC22
ERR737065,CC22
ERR737066,CC22
ERR737067,CC22
ERR737068,CC22
ERR737069,CC22
ERR737070,CC22
ERR737071,CC22
ERR737072,CC22
ERR737073,CC8
ERR737074,CC22
ERR737075,CC97
ERR737076,CC1
ERR737077,CC22
ERR737078,CC22
ERR737079,CC22
ERR737080,CC22
ERR737081,CC22
ERR737082,CC1
ERR737083,CC22
ERR737084,CC22
ERR737085,CC45
ERR737086,CC22
ERR737087,CC30
ERR737088,CC22
ERR737089,CC22
ERR737090,CC22
ERR737091,CC22
ERR737092,CC772/CC834
ERR737093,CC22
ERR737094,CC22
ERR737095,CC22
ERR737096,CC59
ERR737097,CC22
ERR737098,CC22
ERR737099,CC22
ERR737100,CC22
ERR737101,CC22
ERR737102,CC22
ERR737103,CC425
ERR737104,CC22
ERR737105,CC8
ERR737106,CC22
ERR737107,CC22
ERR737108,CC22
ERR737109,CC22
ERR737110,CC22
ERR737111,CC22
ERR737112,CC30
ERR737113,CC22
ERR737114,CC22
ERR737115,CC22
ERR737116,CC5
ERR737117,CC22
ERR737118,CC15
ERR737119,CC30
ERR737120,CC22
ERR737121,CC59
ERR737122,CC22
ERR737123,CC22
ERR737124,CC22
ERR737125,CC22
ERR737126,CC5
ERR737127,CC22
ERR737128,CC45
ERR737129,CC22
ERR737130,CC22
ERR737131,CC22
ERR737132,CC22
ERR737133,CC22
ERR737134,CC22
ERR737135,CC8
ERR737136,CC22
ERR737137,CC45
ERR737138,CC22
ERR737139,CC22
ERR737140,CC22
ERR737141,CC30
ERR737142,CC22
ERR737143,CC22
ERR737144,CC22
ERR737145,CC22
ERR737146,CC6
ERR737147,CC5
ERR737148,CC1
ERR737149,CC22
ERR737150,CC22
ERR737151,CC22
ERR737152,CC22
ERR737153,CC8
ERR737154,CC72
ERR737155,CC8
ERR737156,CC80
ERR737157,CC22
ERR737158,CC59
ERR737159,CC22
ERR737160,CC30
ERR737161,CC22
ERR737162,CC22
ERR737163,CC22
ERR737164,CC8
ERR737165,CC22
ERR737166,CC22
ERR737167,CC22
ERR737168,CC22
ERR737169,CC30
ERR737170,CC80
ERR737171,CC22
ERR737172,CC22
ERR737173,CC22
ERR737174,CC22
ERR737175,CC1
ERR737176,CC8
ERR737177,CC22
ERR737178,CC22
ERR737179,CC30
ERR737180,CC22
ERR737181,CC22
ERR737182,CC22
ERR737183,CC1
ERR737184,CC1
ERR737185,CC22
ERR737186,CC22
ERR737187,CC22
ERR737188,CC22
ERR737189,CC22
ERR737190,CC22
ERR737191,CC5
ERR737192,CC72
ERR737193,CC22
ERR737194,CC59
ERR737195,CC22
ERR737196,CC22
ERR737197,CC22
ERR737198,CC22
ERR737199,CC30
ERR737200,CC22
ERR737201,CC22
ERR737202,CC22
ERR737203,CC22
ERR737204,CC22
ERR737205,CC22
ERR737206,CC30
ERR737207,CC22
ERR737208,CC22
ERR737209,CC22
ERR737210,CC22
ERR737211,CC22
ERR737212,CC1
ERR737213,CC1
ERR737214,CC30
ERR737215,CC22
ERR737216,CC22
ERR737217,CC22
ERR737218,CC22
ERR737219,CC8
ERR737220,CC22
ERR737221,CC5
ERR737222,CC59
ERR737223,CC22
ERR737224,CC22
ERR737225,CC5
ERR737226,CC22
ERR737227,CC22
ERR737228,CC22
ERR737229,CC22
ERR737230,CC22
ERR737231,CC22
ERR737232,CC130
ERR737233,CC22
ERR737234,CC22
ERR737235,CC45
ERR737236,CC22
ERR737237,CC45
ERR737238,CC22
ERR737239,CC45
ERR737240,CC5
ERR737241,CC22
ERR737242,CC22
ERR737243,CC8
ERR737244,CC22
ERR737245,CC30
ERR737246,CC22
ERR737247,CC22
ERR737248,CC22
ERR737249,CC22
ERR737250,CC5
ERR737251,CC1
ERR737252,CC1
ERR737253,CC30
ERR737254,CC59
ERR737255,CC22
ERR737256,CC22
ERR737257,CC1
ERR737258,CC22
ERR737259,CC22
ERR737260,CC45
ERR737261,CC22
ERR737262,CC22
ERR737263,CC22
ERR737264,CC1
ERR737265,CC22
ERR737266,CC30
ERR737267,CC22
ERR737268,CC5
ERR737269,CC22
ERR737270,CC361
ERR737271,CC22
ERR737272,CC22
ERR737273,CC5
ERR737274,CC22
ERR737275,CC22
ERR737276,CC22
ERR737277,CC22
ERR737278,CC30
ERR737279,CC8
ERR737280,CC22
ERR737281,CC22
ERR737282,CC22
ERR737283,CC59
ERR737284,CC22
ERR737285,CC30
ERR737286,CC22
ERR737287,CC22
ERR737288,CC22
ERR737289,CC22
ERR737290,CC22
ERR737291,CC8
ERR737292,CC59
ERR737293,CC361
ERR737294,CC1
ERR737295,CC22
ERR737296,CC22
ERR737297,CC22
ERR737298,CC45
ERR737299,CC22
ERR737300,CC22
ERR737301,CC22
ERR737302,CC12
ERR737303,CC22
ERR737304,CC22
ERR737305,CC22
ERR737306,CC22
ERR737307,CC22
ERR737308,CC22
ERR737309,CC22
ERR737310,CC22
ERR737311,CC22
ERR737312,CC22
ERR737313,CC59
ERR737314,CC22
ERR737315,CC22
ERR737316,CC22
ERR737317,CC22
ERR737318,CC22
ERR737319,CC22
ERR737320,CC6
ERR737321,CC22
ERR737322,CC22
ERR737323,CC22
ERR737324,CC8
ERR737325,CC22
ERR737326,CC22
ERR737327,CC22
ERR737328,Unknown
ERR737329,CC22
ERR737330,CC22
ERR737331,CC1
ERR737332,CC8
ERR737333,CC22
ERR737334,CC22
ERR737335,CC22
ERR737336,CC22
ERR737337,CC22
ERR737338,CC22
ERR737339,CC5
ERR737340,CC22
ERR737341,CC22
ERR737342,CC22
ERR737343,CC5
ERR737344,CC22
ERR737345,CC22
ERR737346,CC22
ERR737347,CC30
ERR737348,CC22
ERR737349,CC45
ERR737350,CC45
ERR737351,CC22
ERR737352,CC22
ERR737353,CC22
ERR737354,CC22
ERR737355,CC22
ERR737356,CC30
ERR737357,CC59
ERR737358,CC22
ERR737359,CC8
ERR737360,CC22
ERR737361,CC8
ERR737362,CC59
ERR737363,CC22
ERR737364,CC22
ERR737365,CC22
ERR737366,CC45
ERR737367,CC22
ERR737368,CC5
ERR737369,CC22
ERR737370,CC15
ERR737371,CC22
ERR737372,CC22
ERR737373,CC30
ERR737374,CC30
ERR737375,CC772/CC834
ERR737376,CC22
ERR737377,CC59
ERR737378,CC1
ERR737379,CC22
ERR737380,CC22
ERR737381,CC45
ERR737382,CC22
ERR737383,CC22
ERR737384,CC22
ERR737385,CC22
ERR737386,CC22
ERR737387,CC22
ERR737388,CC22
ERR737389,CC22
ERR737390,CC5
ERR737391,CC22
ERR737392,CC22
ERR737393,CC22
ERR737394,CC22
ERR737395,CC59
ERR737396,CC22
ERR737397,CC22
ERR737398,CC22
ERR737399,CC5
ERR737400,CC22
ERR737401,CC45
ERR737402,CC22
ERR737403,CC5
ERR737404,CC59
ERR737405,CC772/CC834
ERR737406,CC30
ERR737407,CC22
ERR737408,CC1
ERR737409,CC22
ERR737410,CC22
ERR737411,CC22
ERR737412,CC22
ERR737413,CC30
ERR737414,CC22
ERR737415,CC5
ERR737416,CC5
ERR737417,CC22
ERR737418,CC22
ERR737419,CC5
ERR737420,CC22
ERR737421,CC22
ERR737422,CC22
ERR737423,CC22
ERR737424,CC22
ERR737425,CC22
ERR737426,CC30
ERR737427,CC22
ERR737428,CC22
ERR737429,CC45
ERR737430,CC22
ERR737431,CC22
ERR737432,CC22
ERR737433,CC361
ERR737434,CC22
ERR737435,CC22
ERR737436,CC22
ERR737437,CC22
ERR737438,CC5
ERR737439,CC8
ERR737440,CC30
ERR737441,CC22
ERR737442,CC22
ERR737443,CC30
ERR737444,CC22
ERR737445,CC22
ERR737446,CC22
ERR737447,CC22
ERR737448,CC45
ERR737449,CC22
ERR737450,CC5
ERR737451,CC7
ERR737452,CC22
ERR737453,CC22
ERR737454,CC22
ERR737455,CC5
ERR737456,CC22
ERR737457,CC22
ERR737458,CC152
ERR737459,CC22
ERR737460,CC45
ERR737461,CC22
ERR737462,CC80
ERR737463,CC22
ERR737464,CC5
ERR737465,CC22
ERR737466,CC1
ERR737467,CC22
ERR737468,CC8
ERR737469,CC22
ERR737470,CC22
ERR737471,CC22
ERR737472,CC22
ERR737473,CC22
ERR737474,CC22
ERR737475,CC22
ERR737476,CC1
ERR737477,CC59
ERR737478,CC22
ERR737479,CC22
ERR737480,CC1943
ERR737481,CC1
ERR737482,CC22
ERR737483,CC22
ERR737484,CC1
ERR737485,CC22
ERR737486,CC22
ERR737487,CC22
ERR737488,CC30
ERR737489,CC22
ERR737490,CC22
ERR737491,CC59
ERR737492,CC22
ERR737493,CC45
ERR737494,CC30
ERR737495,CC22
ERR737496,CC22
ERR737497,CC45
ERR737498,CC22
ERR737499,CC22
ERR737500,CC22
ERR737501,CC22
ERR737502,CC22
ERR737503,CC8
ERR737504,CC22
ERR737505,CC22
ERR737506,CC22
ERR737507,CC30
ERR737508,CC22
ERR737509,CC22
ERR737510,CC22
ERR737511,CC22
ERR737512,CC1
ERR737513,CC22
ERR737514,CC22
ERR737515,CC45
ERR737516,CC22
ERR737517,CC22
ERR737518,CC22
ERR737519,CC1
ERR737520,CC22
ERR737521,CC22
ERR737522,CC22
ERR737523,CC22
ERR737524,CC22
ERR737525,CC22
ERR737526,CC1
ERR737527,CC22
ERR737528,CC22
ERR737529,CC22
ERR737530,CC5
ERR737531,CC22
ERR737532,CC22
ERR737533,CC22
ERR737534,CC22
ERR737535,CC45
ERR737536,CC361
ERR737537,CC8
ERR737538,CC78
ERR737539,CC80
ERR737540,CC22
ERR737541,CC22
ERR737542,CC22
ERR737543,CC130
ERR737544,CC772/CC834
ERR737545,CC22
ERR737546,CC22
ERR737547,CC22
ERR737548,CC22
ERR737549,CC22
ERR737550,CC45
ERR737551,CC59
ERR737552,CC22
ERR737553,CC22
ERR737554,CC22
ERR737555,CC130
ERR737556,CC22
ERR737557,CC22
ERR737558,CC22
ERR737559,CC45
ERR737560,CC22
ERR737561,CC22
ERR737562,CC22
ERR737563,CC45
ERR737564,CC22
ERR737565,CC22
ERR737566,CC1
ERR737567,CC22
ERR737568,CC22
ERR737569,CC22
ERR737570,CC22
ERR737571,CC72
ERR737572,CC22
ERR737573,CC22
ERR737574,CC22
ERR737575,CC22
ERR737576,CC22
ERR737577,CC22
ERR737578,CC22
ERR737579,CC22
ERR737580,CC361
ERR737581,CC22
ERR737582,CC22
ERR737583,CC22
ERR737584,CC22
ERR737585,CC22
ERR737586,CC22
ERR737587,CC45
ERR737588,CC22
ERR737589,CC22
ERR737590,CC1
ERR737591,CC22
ERR737592,CC22
ERR737593,CC22
ERR737594,CC22
ERR737595,CC30
ERR737596,CC22
ERR737597,CC22
ERR737598,CC22
ERR737599,CC22
ERR737600,CC22
ERR737601,CC59
ERR737602,CC22
ERR737603,CC22
ERR737604,CC22
ERR737605,Unknown
ERR737606,CC22
ERR737607,CC22
ERR737608,CC22
ERR737609,CC22
ERR737610,CC22
ERR737611,CC22
ERR737612,CC1
ERR737613,CC22
ERR737614,CC22
ERR737615,CC22
ERR737616,CC22
ERR737617,CC1
ERR737618,CC22
ERR737619,CC22
ERR737620,CC1
ERR737621,CC30
ERR737622,CC22
ERR737623,CC30
ERR737624,CC22
ERR737625,CC22
ERR737626,CC22
ERR737627,CC15
ERR737628,CC22
ERR737629,CC22
ERR737630,CC22
ERR737631,CC22
ERR737632,CC45
ERR737633,CC22
ERR737634,CC22
ERR737635,CC22
ERR737636,CC22
ERR737637,CC22
ERR737638,CC22
ERR737639,CC22
ERR737640,CC130
ERR737641,CC22
ERR737642,CC22
ERR737643,CC22
ERR737644,CC8
ERR737645,CC22
ERR737646,CC22
ERR737647,CC22
ERR742876,CC22
ERR742877,CC8
ERR742878,CC22
ERR742879,CC22
ERR742880,CC22
ERR742881,CC22
ERR742882,CC22
ERR742883,CC22
ERR742884,CC22
ERR742885,CC22
ERR742886,CC22
ERR742887,CC30
ERR742888,CC22
ERR742889,CC22
ERR742890,CC22
ERR742891,CC22
ERR742892,CC5
ERR742893,CC22
ERR742894,CC22
ERR742895,CC22
ERR742896,CC22
ERR742897,CC22
ERR742898,CC59
ERR742899,CC22
ERR742900,CC22
ERR742901,CC22
ERR742902,CC80
ERR742903,CC22
ERR742904,CC22
ERR742905,CC22
ERR742906,CC22
ERR742907,CC22
ERR742908,CC22
ERR742909,CC22
ERR742910,CC22
ERR742911,CC22
ERR742912,CC8
ERR742913,CC22
ERR742914,CC22
ERR742915,CC59
ERR742916,CC22
ERR742917,CC22
ERR742918,CC22
ERR742919,CC22
ERR742920,CC22
ERR742921,CC22
ERR742922,CC22
ERR742923,CC22
ERR742924,CC22
ERR742925,CC22
ERR742926,CC22
ERR742927,CC30
ERR742928,CC22
ERR742929,CC22
ERR742930,CC22
ERR742931,CC6
ERR742932,CC22
ERR742933,CC22
ERR742934,CC22
ERR742935,CC5
ERR742936,CC22
ERR742937,CC22
ERR742938,CC22
ERR742939,CC1
ERR742940,CC30
ERR742941,CC22
ERR742942,CC22
ERR742943,CC22
ERR742944,CC22
ERR742945,CC22
ERR742946,CC22
ERR742947,CC1
ERR742948,CC22
ERR742949,CC59
ERR742950,CC22
ERR742951,CC22
ERR742952,CC22
ERR742953,CC22
ERR742954,CC22
ERR742955,CC22
ERR742956,CC22
ERR742957,CC22
ERR742958,CC22
ERR742959,CC22
ERR742960,CC5
ERR742961,CC22
ERR742962,CC22
ERR742963,CC59
ERR742964,CC1
ERR774747,CC22
ERR774748,CC22
ERR774749,CC22
ERR774750,CC22
ERR774751,CC22
ERR774752,CC30
ERR774753,CC22
ERR774754,CC45
ERR774755,CC22
ERR774756,CC22
ERR774757,CC22
ERR774758,CC30
ERR774759,CC8
ERR774760,CC22
ERR774761,CC22
ERR774762,CC5
ERR774763,CC22
ERR774764,CC30
ERR774765,CC22
ERR774766,CC22
ERR774767,CC30
Mu50,CC5
SRR7983556,CC152
SRR7983557,CC22
SRR7983558,CC7
SRR7983559,CC121
SRR7983560,CC121
SRR7983561,CC121
SRR7983562,CC8
SRR7983563,CC30
SRR7983564,CC395
SRR7983565,CC121
SRR7983566,CC22
SRR7983567,CC5
SRR7983568,CC45
SRR7983569,Unknown
SRR7983570,CC15
SRR7983571,CC8
SRR7983572,CC5
SRR7983573,CC45
SRR7983574,CC5
SRR7983575,CC1
SRR7983576,CC22
SRR7983577,CC8
SRR7983578,CC5
SRR7983579,CC15
SRR7983580,CC1
SRR7983581,CC22
SRR7983582,CC5
SRR7983583,CC1
SRR7983584,CC97
SRR7983585,CC5
SRR7983586,CC30
SRR7983587,CC45
SRR7983588,CC121
SRR7983589,CC30
SRR7983590,CC121
SRR7983591,CC121
SRR7983592,CC8
SRR7983593,CC121
SRR7983594,CC30
SRR7983595,CC45
SRR7983596,CC5
SRR7983597,CC5
SRR7983598,Unknown (CC45)
SRR7983599,CC1
SRR7983600,CC22
SRR7983601,Unknown (CC5)
SRR7983602,Unknown (CC5)
SRR7983603,CC59
SRR7983604,CC8
SRR7983605,CC5
SRR7983606,Unknown (CC1)
SRR7983607,CC1
SRR7983608,CC5
SRR7983609,CC5
SRR7983610,CC398/CC5561
SRR7983611,CC8
SRR7983612,CC5
SRR7983613,CC5
SRR7983614,CC152
SRR7983615,CC22
SRR7983616,CC8
SRR7983617,CC7
SRR7983618,CC8
SRR7983619,CC152
SRR7983620,CC1
SRR7983621,CC8
SRR7983622,CC5
SRR7983623,CC5
SRR7983624,CC1
SRR7983625,CC5
SRR7983626,CC78
SRR7983627,CC5
SRR7983628,CC10
SRR7983629,CC5
SRR7983630,CC5
SRR7983631,CC97
SRR7983632,CC5
SRR7983633,CC1
SRR7983634,CC22
SRR7983635,CC1
SRR7983636,CC8
SRR7983637,CC398/CC5561
SRR7983638,CC1
SRR7983639,CC152
SRR7983640,CC5
SRR7983641,CC152
SRR7983642,CC152
SRR7983643,CC22
SRR7983644,CC22
SRR7983645,CC1
SRR7983646,CC5
SRR7983647,CC59
SRR7983648,CC1
SRR7983649,CC5
SRR7983650,CC10
SRR7983651,CC22
SRR7983652,CC6
SRR7983653,CC30
SRR7983654,CC5
SRR7983655,CC8
SRR7983656,CC5
SRR7983657,CC5
SRR7983658,CC5
SRR7983659,CC22
SRR7983660,CC25
SRR7983661,CC8
SRR7983662,CC772/CC834
SRR7983663,CC5
SRR7983664,CC30
SRR7983665,CC1
SRR7983666,CC8
SRR7983667,CC15
SRR7983668,CC772/CC834
SRR7983669,CC772/CC834
SRR7983670,CC1
SRR7983671,CC942
SRR7983672,CC5
SRR7983673,CC22
SRR7983674,CC8
SRR7983675,CC1
SRR7983676,CC22
SRR7983677,CC22
SRR7983678,CC5
SRR7983679,Unknown
SRR7983680,CC59
SRR7983681,CC5
SRR7983682,CC5
SRR7983683,CC30
SRR7983684,CC5
SRR7983685,CC59
SRR7983686,CC1
SRR7983687,CC5
SRR7983688,CC5
SRR7983689,CC5
SRR7983690,CC22
SRR7983691,CC1
SRR7983692,CC5
SRR7983693,CC22
SRR7983694,CC97
SRR7983695,CC5
SRR7983696,CC22
SRR7983697,CC5
SRR7983698,CC121
SRR7983699,CC45
SRR7983700,CC1
SRR7983701,CC5
SRR7983702,Unknown (CC5)
SRR7983703,CC5
SRR7983704,CC8
SRR7983705,CC8
SRR7983706,CC5
SRR7983707,CC5
SRR7983708,CC5
SRR7983709,CC5
SRR7983710,CC7
SRR7983711,CC15
SRR7983712,CC30
SRR7983713,CC121
SRR7983714,CC398/CC5561
SRR7983715,CC121
SRR7983716,CC398/CC5561
SRR7983717,CC8
SRR7983718,CC15
SRR7983719,CC30
SRR7983720,CC121
SRR7983721,CC45
SRR7983722,CC45
SRR7983723,CC8
SRR7983724,CC5
SRR7983725,Unknown (CC361/CC15)
SRR7983726,CC96
SRR7983727,CC25
SRR7983728,CC45
SRR7983729,CC10
SRR7983730,CC8
SRR7983731,CC5
SRR7983732,CC22
SRR7983733,CC22
SRR7983734,CC45
SRR7983735,CC22
SRR7983736,CC1
SRR7983737,CC5
SRR7983738,CC30
SRR7983739,CC5
STR1001-3-1-1,CC5
STR1001-6-5-1,CC5
STR1003-P3-2-1,CC5
STR1004-P2-1-1,CC1
STR1006-P3-2-1,CC15
STR1007-2-5-1,CC78
STR1007-3-5-1,CC101
STR1007-3-5-3,CC78
STR1007-5-5-1,CC78
STR1007-P1-1-1,CC78
STR1008-P1-6-1,CC45
STR1010-3-4-1,CC93
STR1010-P1-6-1,CC1
STR1015-P2-1-1,CC101
STR1021-1-1-1,CC5
STR1021-2-1-1,CC5
STR1021-3-1-1,CC5
STR1021-4-1-1,CC5
STR1021-6-1-1,CC5
STR1022-4-1-1,CC93
STR1023-131113,CC5
STR1023-4-6-1,CC5
STR1023-7-1-1,CC15
STR1024-2-1-1,CC101
STR1024-2-5-1,CC101
STR1024-3-2-1,CC101
STR1024-3-5-1,CC101
STR1024-4-2-1,CC101
STR1024-5-5-1,CC1
STR1025-170513,CC93
STR1025-4-5-1,CC97
STR1025-4-5-2,CC5
STR1025-4-6-1,CC45
STR1025-4-6-2,CC45
STR1026-1-5-1,CC8
STR1027-061213,CC121
STR1027-071213,CC121
STR1027-080613,CC93
STR1027-081113,CC121
STR1027-081213,CC121
STR1027-091113-1,CC121
STR1027-091113-2,CC121
STR1027-1-5-1,CC5
STR1027-130513,CC93
STR1027-150513,CC93
STR1027-170114-1,CC121
STR1027-170114-2,CC121
STR1027-4-6-1,CC121
STR1027-5-5-1,CC121
STR1027-6-1-1,CC5
STR1028-1-1-1,CC1
STR1028-130713,CC1
STR1029-6-2-1,CC5
STR1030-230514,CC1
STR1032-310713,CC8
STR1033-6-1-1,CC15
STR1034-5-1-1,CC772/CC834
STR1034-6-1-1,CC772/CC834
STR1034-7-1-1,CC772/CC834
STR1035-300713,CC121
STR1037-030713,CC8
STR1037-180914-1,CC8
STR1037-180914-2,CC8
STR1037-280714,CC1
STR1041-3-5-1,CC97
STR1041-5-5-1,CC97
STR1041-6-1-1,CC5
STR1042-1-1-1,CC1
STR1045-2-1-1,CC5
STR1045-3-1-1,CC5
STR1045-4-1-1,CC5
STR1045-5-1-1,CC5
STR1045-5-1-2,CC5
STR1045-6-1-1,CC5
STR1045-8-1-1,CC5
STR1046-1-1-1,CC12
STR1046-2-1-1,CC12
STR1046-3-1-1,CC12
STR1046-4-1-1,CC12
STR1046-5-1L-1,CC12
STR1046-5-1R-1,CC12
STR1046-6-1-1,CC12
STR1046-7-1-1,CC12
STR1046-8-1-1,CC12
STR1048-4-1-1,CC8
STR1048-6-1-1,CC8
STR1049-1-5-1,CC5
STR1049-2-1-1,CC45
STR1049-3-1-1,CC5
STR1049-4-5-1,CC5
STR1049-6-5-1,CC5
STR1050-3-1-1,CC789
STR1050-4-1-1,CC789
STR1050-4-2-1,CC789
STR1050-5-1-1,CC789
STR1050-5-2-1,CC93
STR1050-5-5-1,CC93
STR1051-5-1-1,CC45
STR1063-051114,CC1
STR1063-2-5-1,CC1
STR1068-5-2-1,CC93
STR1072-1-4-1,CC97
STR1074-2-1-1,CC6
STR1074-4-1-1,S. argenteus
STR1074-4-2-1,CC6
STR1074-6-2-1,CC72
STR1074-7-1-1,S. argenteus
STR1075-1-1-1,CC15
STR1075-2-5-1,CC1
STR1076-3-5-1,CC72
STR1077-5-5-1,CC20
STR1078-011114,CC93
STR1078-5-5-1,S. argenteus
STR1078-6-6-1,CC93
STR1078-6-6-7,CC93
STR1078-6-6-8,CC1
STR1078-7-5-2,CC97
STR1079-1-3-1,CC1
STR1079-3-1-1,CC97
STR1079-4-2-1,CC15
STR1079-4-5-1,CC1
STR1079-5-1-1,S. argenteus
STR1079-5-2-1,CC15
STR1079-5-2-2,CC15
STR1079-5-2-3,CC1
STR1079-5-5-1,CC72
STR1079-6-5-1,CC1
STR1081-1-1-1,CC72
STR1081-1-1-3,CC72
STR1081-2-1-1,CC72
STR1081-2-1-2,CC72
STR1081-3-1-1,CC72
STR1081-3-5-1,Unknown
STR1081-4-1-1,CC6
STR1081-4-1-3,CC1
STR1081-4-5-1,CC6
STR1081-4-6-1,CC6
STR1083-6-5-1,CC1
STR1084-4-3-1,CC93
STR1087-1-1-1,CC1
STR1087-2-1-1,CC1
STR1088-3-1-1,CC1
STR1089-1-1-1,CC5
STR1090-1-1-1,CC5
STR1090-2-1-1,CC8
STR1091-051114,CC5
STR1091-1-6-1,CC8
STR1091-110714,ST30
STR1091-3-6-1,CC78
STR1091-5-1-1,CC78
STR1096-1-1-1,CC15
STR1098-1-1-1,CC8
STR1099-1-1-1,CC5
STR1099-2-1-1,CC5
STR1099-5-1-1,CC45
STR1099-5-2-1,CC45
STR1100-4-5-1,CC93
STR1100-6-1-1,CC5
STR1100-7-1-1,CC5
STR1101-3-5-1,CC5
STR1104-1-1-1,CC1
STR1104-3-1-1,CC5
STR1111-1-1-1,CC15
STR1111-3-1-1,CC15
STR1120-181113,CC93
STR1120-201113,CC93
