threshold,mecA_TP,mecA_FP,mecA_TN,mecA_FN,lukF_TP,lukF_FP,lukF_TN,lukF_FN,lukS_TP,lukS_FP,lukS_TN,lukS_FN,mecA_sensitivity,mecA_specificity,lukF_sensitivity,lukF_specificity,lukS_sensitivity,lukS_specificity,mean_estimated_coverage,n_sequence_used,reads_used
0.6,98,4,258,31,37,1,345,8,34,1,345,11,0.75968992248062,0.984732824427481,0.822222222222222,0.997109826589595,0.755555555555556,0.997109826589595,3.22333158385093,100,1000
0.6,128,4,258,1,45,1,345,0,45,1,345,0,0.992248062015504,0.984732824427481,1,0.997109826589595,1,0.997109826589595,6.45146549050055,100,2000
0.6,129,4,258,0,45,1,345,0,45,1,345,0,1,0.984732824427481,1,0.997109826589595,1,0.997109826589595,9.66276932773109,100,3000
0.6,129,4,258,0,45,1,345,0,45,1,345,0,1,0.984732824427481,1,0.997109826589595,1,0.997109826589595,12.906317971319,100,4000
0.6,129,4,258,0,45,1,345,0,45,1,345,0,1,0.984732824427481,1,0.997109826589595,1,0.997109826589595,16.1235362659847,100,5000
0.6,129,5,257,0,45,1,345,0,45,1,345,0,1,0.980916030534351,1,0.997109826589595,1,0.997109826589595,19.3593097332846,100,6000
0.6,129,5,257,0,45,1,345,0,45,1,345,0,1,0.980916030534351,1,0.997109826589595,1,0.997109826589595,22.5894987385824,100,7000
0.6,129,6,256,0,45,1,345,0,45,1,345,0,1,0.977099236641221,1,0.997109826589595,1,0.997109826589595,25.8102185869565,100,8000
0.6,98,3,259,31,39,1,345,6,36,1,345,9,0.75968992248062,0.988549618320611,0.866666666666667,0.997109826589595,0.8,0.997109826589595,3.22333158385093,200,1000
0.6,128,4,258,1,45,1,345,0,45,1,345,0,0.992248062015504,0.984732824427481,1,0.997109826589595,1,0.997109826589595,6.45146549050055,200,2000
0.6,129,4,258,0,45,1,345,0,45,1,345,0,1,0.984732824427481,1,0.997109826589595,1,0.997109826589595,9.66276932773109,200,3000
0.6,129,4,258,0,45,1,345,0,45,1,345,0,1,0.984732824427481,1,0.997109826589595,1,0.997109826589595,12.906317971319,200,4000
0.6,129,4,258,0,45,1,345,0,45,1,345,0,1,0.984732824427481,1,0.997109826589595,1,0.997109826589595,16.1235362659847,200,5000
0.6,129,6,256,0,45,1,345,0,45,1,345,0,1,0.977099236641221,1,0.997109826589595,1,0.997109826589595,19.3593097332846,200,6000
0.6,129,6,256,0,45,1,345,0,45,1,345,0,1,0.977099236641221,1,0.997109826589595,1,0.997109826589595,22.5894987385824,200,7000
0.6,129,7,255,0,45,1,345,0,45,1,345,0,1,0.973282442748092,1,0.997109826589595,1,0.997109826589595,25.8102185869565,200,8000
0.6,101,2,260,28,37,1,345,8,36,1,345,9,0.782945736434109,0.99236641221374,0.822222222222222,0.997109826589595,0.8,0.997109826589595,3.22333158385093,300,1000
0.6,128,4,258,1,45,1,345,0,45,1,345,0,0.992248062015504,0.984732824427481,1,0.997109826589595,1,0.997109826589595,6.45146549050055,300,2000
0.6,129,4,258,0,45,1,345,0,45,1,345,0,1,0.984732824427481,1,0.997109826589595,1,0.997109826589595,9.66276932773109,300,3000
0.6,129,4,258,0,45,1,345,0,45,1,345,0,1,0.984732824427481,1,0.997109826589595,1,0.997109826589595,12.906317971319,300,4000
0.6,129,4,258,0,45,1,345,0,45,1,345,0,1,0.984732824427481,1,0.997109826589595,1,0.997109826589595,16.1235362659847,300,5000
0.6,129,4,258,0,45,1,345,0,45,1,345,0,1,0.984732824427481,1,0.997109826589595,1,0.997109826589595,19.3593097332846,300,6000
0.6,129,4,258,0,45,1,345,0,45,1,345,0,1,0.984732824427481,1,0.997109826589595,1,0.997109826589595,22.5894987385824,300,7000
0.6,129,4,258,0,45,1,345,0,45,1,345,0,1,0.984732824427481,1,0.997109826589595,1,0.997109826589595,25.8102185869565,300,8000
0.6,100,3,259,29,38,1,345,7,37,1,345,8,0.775193798449612,0.988549618320611,0.844444444444445,0.997109826589595,0.822222222222222,0.997109826589595,3.22333158385093,400,1000
0.6,127,4,258,2,45,1,345,0,45,1,345,0,0.984496124031008,0.984732824427481,1,0.997109826589595,1,0.997109826589595,6.45146549050055,400,2000
0.6,129,4,258,0,45,1,345,0,45,1,345,0,1,0.984732824427481,1,0.997109826589595,1,0.997109826589595,9.66276932773109,400,3000
0.6,129,4,258,0,45,1,345,0,45,1,345,0,1,0.984732824427481,1,0.997109826589595,1,0.997109826589595,12.906317971319,400,4000
0.6,129,4,258,0,45,1,345,0,45,1,345,0,1,0.984732824427481,1,0.997109826589595,1,0.997109826589595,16.1235362659847,400,5000
0.6,129,5,257,0,45,1,345,0,45,1,345,0,1,0.980916030534351,1,0.997109826589595,1,0.997109826589595,19.3593097332846,400,6000
0.6,129,6,256,0,45,1,345,0,45,1,345,0,1,0.977099236641221,1,0.997109826589595,1,0.997109826589595,22.5894987385824,400,7000
0.6,129,6,256,0,45,1,345,0,45,1,345,0,1,0.977099236641221,1,0.997109826589595,1,0.997109826589595,25.8102185869565,400,8000
0.6,99,3,259,30,38,1,345,7,37,1,345,8,0.767441860465116,0.988549618320611,0.844444444444445,0.997109826589595,0.822222222222222,0.997109826589595,3.22333158385093,500,1000
0.6,125,4,258,4,45,1,345,0,45,1,345,0,0.968992248062015,0.984732824427481,1,0.997109826589595,1,0.997109826589595,6.45146549050055,500,2000
0.6,129,4,258,0,45,1,345,0,45,1,345,0,1,0.984732824427481,1,0.997109826589595,1,0.997109826589595,9.66276932773109,500,3000
0.6,129,4,258,0,45,1,345,0,45,1,345,0,1,0.984732824427481,1,0.997109826589595,1,0.997109826589595,12.906317971319,500,4000
0.6,129,4,258,0,45,1,345,0,45,1,345,0,1,0.984732824427481,1,0.997109826589595,1,0.997109826589595,16.1235362659847,500,5000
0.6,129,4,258,0,45,1,345,0,45,1,345,0,1,0.984732824427481,1,0.997109826589595,1,0.997109826589595,19.3593097332846,500,6000
0.6,129,5,257,0,45,1,345,0,45,1,345,0,1,0.980916030534351,1,0.997109826589595,1,0.997109826589595,22.5894987385824,500,7000
0.6,129,6,256,0,45,1,345,0,45,1,345,0,1,0.977099236641221,1,0.997109826589595,1,0.997109826589595,25.8102185869565,500,8000
0.6,99,3,259,30,38,1,345,7,37,1,345,8,0.767441860465116,0.988549618320611,0.844444444444445,0.997109826589595,0.822222222222222,0.997109826589595,3.22333158385093,600,1000
0.6,126,4,258,3,45,1,345,0,45,1,345,0,0.976744186046512,0.984732824427481,1,0.997109826589595,1,0.997109826589595,6.45146549050055,600,2000
0.6,129,4,258,0,45,1,345,0,45,1,345,0,1,0.984732824427481,1,0.997109826589595,1,0.997109826589595,9.66276932773109,600,3000
0.6,129,4,258,0,45,1,345,0,45,1,345,0,1,0.984732824427481,1,0.997109826589595,1,0.997109826589595,12.906317971319,600,4000
0.6,129,4,258,0,45,1,345,0,45,1,345,0,1,0.984732824427481,1,0.997109826589595,1,0.997109826589595,16.1235362659847,600,5000
0.6,129,4,258,0,45,1,345,0,45,1,345,0,1,0.984732824427481,1,0.997109826589595,1,0.997109826589595,19.3593097332846,600,6000
0.6,129,4,258,0,45,1,345,0,45,1,345,0,1,0.984732824427481,1,0.997109826589595,1,0.997109826589595,22.5894987385824,600,7000
0.6,129,5,257,0,45,1,345,0,45,1,345,0,1,0.980916030534351,1,0.997109826589595,1,0.997109826589595,25.8102185869565,600,8000
0.6,99,2,260,30,38,1,345,7,38,1,345,7,0.767441860465116,0.99236641221374,0.844444444444445,0.997109826589595,0.844444444444445,0.997109826589595,3.22333158385093,700,1000
0.6,128,4,258,1,45,1,345,0,45,1,345,0,0.992248062015504,0.984732824427481,1,0.997109826589595,1,0.997109826589595,6.45146549050055,700,2000
0.6,129,4,258,0,45,1,345,0,45,1,345,0,1,0.984732824427481,1,0.997109826589595,1,0.997109826589595,9.66276932773109,700,3000
0.6,129,4,258,0,45,1,345,0,45,1,345,0,1,0.984732824427481,1,0.997109826589595,1,0.997109826589595,12.906317971319,700,4000
0.6,129,4,258,0,45,1,345,0,45,1,345,0,1,0.984732824427481,1,0.997109826589595,1,0.997109826589595,16.1235362659847,700,5000
0.6,129,4,258,0,45,1,345,0,45,1,345,0,1,0.984732824427481,1,0.997109826589595,1,0.997109826589595,19.3593097332846,700,6000
0.6,129,5,257,0,45,1,345,0,45,1,345,0,1,0.980916030534351,1,0.997109826589595,1,0.997109826589595,22.5894987385824,700,7000
0.6,129,5,257,0,45,1,345,0,45,1,345,0,1,0.980916030534351,1,0.997109826589595,1,0.997109826589595,25.8102185869565,700,8000
0.6,99,2,260,30,38,1,345,7,37,1,345,8,0.767441860465116,0.99236641221374,0.844444444444445,0.997109826589595,0.822222222222222,0.997109826589595,3.22333158385093,800,1000
0.6,127,4,258,2,45,1,345,0,45,1,345,0,0.984496124031008,0.984732824427481,1,0.997109826589595,1,0.997109826589595,6.45146549050055,800,2000
0.6,129,4,258,0,45,1,345,0,45,1,345,0,1,0.984732824427481,1,0.997109826589595,1,0.997109826589595,9.66276932773109,800,3000
0.6,129,4,258,0,45,1,345,0,45,1,345,0,1,0.984732824427481,1,0.997109826589595,1,0.997109826589595,12.906317971319,800,4000
0.6,129,4,258,0,45,1,345,0,45,1,345,0,1,0.984732824427481,1,0.997109826589595,1,0.997109826589595,16.1235362659847,800,5000
0.6,129,4,258,0,45,1,345,0,45,1,345,0,1,0.984732824427481,1,0.997109826589595,1,0.997109826589595,19.3593097332846,800,6000
0.6,129,5,257,0,45,1,345,0,45,1,345,0,1,0.980916030534351,1,0.997109826589595,1,0.997109826589595,22.5894987385824,800,7000
0.6,129,5,257,0,45,1,345,0,45,1,345,0,1,0.980916030534351,1,0.997109826589595,1,0.997109826589595,25.8102185869565,800,8000
0.6,98,2,260,31,38,1,345,7,37,1,345,8,0.75968992248062,0.99236641221374,0.844444444444445,0.997109826589595,0.822222222222222,0.997109826589595,3.22333158385093,900,1000
0.6,125,4,258,4,45,1,345,0,45,1,345,0,0.968992248062015,0.984732824427481,1,0.997109826589595,1,0.997109826589595,6.45146549050055,900,2000
0.6,129,4,258,0,45,1,345,0,45,1,345,0,1,0.984732824427481,1,0.997109826589595,1,0.997109826589595,9.66276932773109,900,3000
0.6,129,4,258,0,45,1,345,0,45,1,345,0,1,0.984732824427481,1,0.997109826589595,1,0.997109826589595,12.906317971319,900,4000
0.6,129,4,258,0,45,1,345,0,45,1,345,0,1,0.984732824427481,1,0.997109826589595,1,0.997109826589595,16.1235362659847,900,5000
0.6,129,4,258,0,45,1,345,0,45,1,345,0,1,0.984732824427481,1,0.997109826589595,1,0.997109826589595,19.3593097332846,900,6000
0.6,129,5,257,0,45,1,345,0,45,1,345,0,1,0.980916030534351,1,0.997109826589595,1,0.997109826589595,22.5894987385824,900,7000
0.6,129,5,257,0,45,1,345,0,45,1,345,0,1,0.980916030534351,1,0.997109826589595,1,0.997109826589595,25.8102185869565,900,8000
0.6,98,2,260,31,38,1,345,7,37,1,345,8,0.75968992248062,0.99236641221374,0.844444444444445,0.997109826589595,0.822222222222222,0.997109826589595,3.22333158385093,all,1000
0.6,127,4,258,2,45,1,345,0,45,1,345,0,0.984496124031008,0.984732824427481,1,0.997109826589595,1,0.997109826589595,6.45146549050055,all,2000
0.6,129,4,258,0,45,1,345,0,45,1,345,0,1,0.984732824427481,1,0.997109826589595,1,0.997109826589595,9.66276932773109,all,3000
0.6,129,4,258,0,45,1,345,0,45,1,345,0,1,0.984732824427481,1,0.997109826589595,1,0.997109826589595,12.906317971319,all,4000
0.6,129,4,258,0,45,1,345,0,45,1,345,0,1,0.984732824427481,1,0.997109826589595,1,0.997109826589595,16.1235362659847,all,5000
0.6,129,4,258,0,45,1,345,0,45,1,345,0,1,0.984732824427481,1,0.997109826589595,1,0.997109826589595,19.3593097332846,all,6000
0.6,129,4,258,0,45,1,345,0,45,1,345,0,1,0.984732824427481,1,0.997109826589595,1,0.997109826589595,22.5894987385824,all,7000
0.6,129,5,257,0,45,1,345,0,45,1,345,0,1,0.980916030534351,1,0.997109826589595,1,0.997109826589595,25.8102185869565,all,8000
0.65,89,2,260,40,35,1,345,10,31,1,345,14,0.689922480620155,0.99236641221374,0.777777777777778,0.997109826589595,0.688888888888889,0.997109826589595,3.22333158385093,100,1000
0.65,125,4,258,4,45,1,345,0,42,1,345,3,0.968992248062015,0.984732824427481,1,0.997109826589595,0.933333333333333,0.997109826589595,6.45146549050055,100,2000
0.65,129,4,258,0,45,1,345,0,45,1,345,0,1,0.984732824427481,1,0.997109826589595,1,0.997109826589595,9.66276932773109,100,3000
0.65,129,4,258,0,45,1,345,0,45,1,345,0,1,0.984732824427481,1,0.997109826589595,1,0.997109826589595,12.906317971319,100,4000
0.65,129,4,258,0,45,1,345,0,45,1,345,0,1,0.984732824427481,1,0.997109826589595,1,0.997109826589595,16.1235362659847,100,5000
0.65,129,4,258,0,45,1,345,0,45,1,345,0,1,0.984732824427481,1,0.997109826589595,1,0.997109826589595,19.3593097332846,100,6000
0.65,129,4,258,0,45,1,345,0,45,1,345,0,1,0.984732824427481,1,0.997109826589595,1,0.997109826589595,22.5894987385824,100,7000
0.65,129,4,258,0,45,1,345,0,45,1,345,0,1,0.984732824427481,1,0.997109826589595,1,0.997109826589595,25.8102185869565,100,8000
0.65,92,3,259,37,37,1,345,8,32,1,345,13,0.713178294573643,0.988549618320611,0.822222222222222,0.997109826589595,0.711111111111111,0.997109826589595,3.22333158385093,200,1000
0.65,125,4,258,4,45,1,345,0,44,1,345,1,0.968992248062015,0.984732824427481,1,0.997109826589595,0.977777777777778,0.997109826589595,6.45146549050055,200,2000
0.65,129,4,258,0,45,1,345,0,45,1,345,0,1,0.984732824427481,1,0.997109826589595,1,0.997109826589595,9.66276932773109,200,3000
0.65,129,4,258,0,45,1,345,0,45,1,345,0,1,0.984732824427481,1,0.997109826589595,1,0.997109826589595,12.906317971319,200,4000
0.65,129,4,258,0,45,1,345,0,45,1,345,0,1,0.984732824427481,1,0.997109826589595,1,0.997109826589595,16.1235362659847,200,5000
0.65,129,4,258,0,45,1,345,0,45,1,345,0,1,0.984732824427481,1,0.997109826589595,1,0.997109826589595,19.3593097332846,200,6000
0.65,129,5,257,0,45,1,345,0,45,1,345,0,1,0.980916030534351,1,0.997109826589595,1,0.997109826589595,22.5894987385824,200,7000
0.65,129,5,257,0,45,1,345,0,45,1,345,0,1,0.980916030534351,1,0.997109826589595,1,0.997109826589595,25.8102185869565,200,8000
0.65,92,2,260,37,36,1,345,9,32,0,346,13,0.713178294573643,0.99236641221374,0.8,0.997109826589595,0.711111111111111,1,3.22333158385093,300,1000
0.65,123,4,258,6,45,1,345,0,44,1,345,1,0.953488372093023,0.984732824427481,1,0.997109826589595,0.977777777777778,0.997109826589595,6.45146549050055,300,2000
0.65,129,4,258,0,45,1,345,0,45,1,345,0,1,0.984732824427481,1,0.997109826589595,1,0.997109826589595,9.66276932773109,300,3000
0.65,129,4,258,0,45,1,345,0,45,1,345,0,1,0.984732824427481,1,0.997109826589595,1,0.997109826589595,12.906317971319,300,4000
0.65,129,4,258,0,45,1,345,0,45,1,345,0,1,0.984732824427481,1,0.997109826589595,1,0.997109826589595,16.1235362659847,300,5000
0.65,129,4,258,0,45,1,345,0,45,1,345,0,1,0.984732824427481,1,0.997109826589595,1,0.997109826589595,19.3593097332846,300,6000
0.65,129,4,258,0,45,1,345,0,45,1,345,0,1,0.984732824427481,1,0.997109826589595,1,0.997109826589595,22.5894987385824,300,7000
0.65,129,4,258,0,45,1,345,0,45,1,345,0,1,0.984732824427481,1,0.997109826589595,1,0.997109826589595,25.8102185869565,300,8000
0.65,92,2,260,37,36,1,345,9,35,1,345,10,0.713178294573643,0.99236641221374,0.8,0.997109826589595,0.777777777777778,0.997109826589595,3.22333158385093,400,1000
0.65,123,4,258,6,44,1,345,1,44,1,345,1,0.953488372093023,0.984732824427481,0.977777777777778,0.997109826589595,0.977777777777778,0.997109826589595,6.45146549050055,400,2000
0.65,129,4,258,0,45,1,345,0,45,1,345,0,1,0.984732824427481,1,0.997109826589595,1,0.997109826589595,9.66276932773109,400,3000
0.65,129,4,258,0,45,1,345,0,45,1,345,0,1,0.984732824427481,1,0.997109826589595,1,0.997109826589595,12.906317971319,400,4000
0.65,129,4,258,0,45,1,345,0,45,1,345,0,1,0.984732824427481,1,0.997109826589595,1,0.997109826589595,16.1235362659847,400,5000
0.65,129,4,258,0,45,1,345,0,45,1,345,0,1,0.984732824427481,1,0.997109826589595,1,0.997109826589595,19.3593097332846,400,6000
0.65,129,4,258,0,45,1,345,0,45,1,345,0,1,0.984732824427481,1,0.997109826589595,1,0.997109826589595,22.5894987385824,400,7000
0.65,129,4,258,0,45,1,345,0,45,1,345,0,1,0.984732824427481,1,0.997109826589595,1,0.997109826589595,25.8102185869565,400,8000
0.65,90,2,260,39,37,1,345,8,33,1,345,12,0.697674418604651,0.99236641221374,0.822222222222222,0.997109826589595,0.733333333333333,0.997109826589595,3.22333158385093,500,1000
0.65,123,3,259,6,45,1,345,0,44,1,345,1,0.953488372093023,0.988549618320611,1,0.997109826589595,0.977777777777778,0.997109826589595,6.45146549050055,500,2000
0.65,129,3,259,0,45,1,345,0,45,1,345,0,1,0.988549618320611,1,0.997109826589595,1,0.997109826589595,9.66276932773109,500,3000
0.65,129,4,258,0,45,1,345,0,45,1,345,0,1,0.984732824427481,1,0.997109826589595,1,0.997109826589595,12.906317971319,500,4000
0.65,129,4,258,0,45,1,345,0,45,1,345,0,1,0.984732824427481,1,0.997109826589595,1,0.997109826589595,16.1235362659847,500,5000
0.65,129,4,258,0,45,1,345,0,45,1,345,0,1,0.984732824427481,1,0.997109826589595,1,0.997109826589595,19.3593097332846,500,6000
0.65,129,4,258,0,45,1,345,0,45,1,345,0,1,0.984732824427481,1,0.997109826589595,1,0.997109826589595,22.5894987385824,500,7000
0.65,129,4,258,0,45,1,345,0,45,1,345,0,1,0.984732824427481,1,0.997109826589595,1,0.997109826589595,25.8102185869565,500,8000
0.65,93,2,260,36,37,1,345,8,35,1,345,10,0.72093023255814,0.99236641221374,0.822222222222222,0.997109826589595,0.777777777777778,0.997109826589595,3.22333158385093,600,1000
0.65,123,4,258,6,45,1,345,0,43,1,345,2,0.953488372093023,0.984732824427481,1,0.997109826589595,0.955555555555556,0.997109826589595,6.45146549050055,600,2000
0.65,129,4,258,0,45,1,345,0,45,1,345,0,1,0.984732824427481,1,0.997109826589595,1,0.997109826589595,9.66276932773109,600,3000
0.65,129,4,258,0,45,1,345,0,45,1,345,0,1,0.984732824427481,1,0.997109826589595,1,0.997109826589595,12.906317971319,600,4000
0.65,129,4,258,0,45,1,345,0,45,1,345,0,1,0.984732824427481,1,0.997109826589595,1,0.997109826589595,16.1235362659847,600,5000
0.65,129,4,258,0,45,1,345,0,45,1,345,0,1,0.984732824427481,1,0.997109826589595,1,0.997109826589595,19.3593097332846,600,6000
0.65,129,4,258,0,45,1,345,0,45,1,345,0,1,0.984732824427481,1,0.997109826589595,1,0.997109826589595,22.5894987385824,600,7000
0.65,129,4,258,0,45,1,345,0,45,1,345,0,1,0.984732824427481,1,0.997109826589595,1,0.997109826589595,25.8102185869565,600,8000
0.65,94,2,260,35,37,1,345,8,34,1,345,11,0.728682170542636,0.99236641221374,0.822222222222222,0.997109826589595,0.755555555555556,0.997109826589595,3.22333158385093,700,1000
0.65,123,3,259,6,45,1,345,0,43,1,345,2,0.953488372093023,0.988549618320611,1,0.997109826589595,0.955555555555556,0.997109826589595,6.45146549050055,700,2000
0.65,129,4,258,0,45,1,345,0,45,1,345,0,1,0.984732824427481,1,0.997109826589595,1,0.997109826589595,9.66276932773109,700,3000
0.65,129,4,258,0,45,1,345,0,45,1,345,0,1,0.984732824427481,1,0.997109826589595,1,0.997109826589595,12.906317971319,700,4000
0.65,129,4,258,0,45,1,345,0,45,1,345,0,1,0.984732824427481,1,0.997109826589595,1,0.997109826589595,16.1235362659847,700,5000
0.65,129,4,258,0,45,1,345,0,45,1,345,0,1,0.984732824427481,1,0.997109826589595,1,0.997109826589595,19.3593097332846,700,6000
0.65,129,4,258,0,45,1,345,0,45,1,345,0,1,0.984732824427481,1,0.997109826589595,1,0.997109826589595,22.5894987385824,700,7000
0.65,129,4,258,0,45,1,345,0,45,1,345,0,1,0.984732824427481,1,0.997109826589595,1,0.997109826589595,25.8102185869565,700,8000
0.65,92,2,260,37,37,1,345,8,34,1,345,11,0.713178294573643,0.99236641221374,0.822222222222222,0.997109826589595,0.755555555555556,0.997109826589595,3.22333158385093,800,1000
0.65,123,3,259,6,45,1,345,0,44,1,345,1,0.953488372093023,0.988549618320611,1,0.997109826589595,0.977777777777778,0.997109826589595,6.45146549050055,800,2000
0.65,129,4,258,0,45,1,345,0,45,1,345,0,1,0.984732824427481,1,0.997109826589595,1,0.997109826589595,9.66276932773109,800,3000
0.65,129,4,258,0,45,1,345,0,45,1,345,0,1,0.984732824427481,1,0.997109826589595,1,0.997109826589595,12.906317971319,800,4000
0.65,129,4,258,0,45,1,345,0,45,1,345,0,1,0.984732824427481,1,0.997109826589595,1,0.997109826589595,16.1235362659847,800,5000
0.65,129,4,258,0,45,1,345,0,45,1,345,0,1,0.984732824427481,1,0.997109826589595,1,0.997109826589595,19.3593097332846,800,6000
0.65,129,4,258,0,45,1,345,0,45,1,345,0,1,0.984732824427481,1,0.997109826589595,1,0.997109826589595,22.5894987385824,800,7000
0.65,129,4,258,0,45,1,345,0,45,1,345,0,1,0.984732824427481,1,0.997109826589595,1,0.997109826589595,25.8102185869565,800,8000
0.65,92,2,260,37,37,1,345,8,34,1,345,11,0.713178294573643,0.99236641221374,0.822222222222222,0.997109826589595,0.755555555555556,0.997109826589595,3.22333158385093,900,1000
0.65,124,3,259,5,45,1,345,0,44,1,345,1,0.961240310077519,0.988549618320611,1,0.997109826589595,0.977777777777778,0.997109826589595,6.45146549050055,900,2000
0.65,129,4,258,0,45,1,345,0,45,1,345,0,1,0.984732824427481,1,0.997109826589595,1,0.997109826589595,9.66276932773109,900,3000
0.65,129,4,258,0,45,1,345,0,45,1,345,0,1,0.984732824427481,1,0.997109826589595,1,0.997109826589595,12.906317971319,900,4000
0.65,129,4,258,0,45,1,345,0,45,1,345,0,1,0.984732824427481,1,0.997109826589595,1,0.997109826589595,16.1235362659847,900,5000
0.65,129,4,258,0,45,1,345,0,45,1,345,0,1,0.984732824427481,1,0.997109826589595,1,0.997109826589595,19.3593097332846,900,6000
0.65,129,4,258,0,45,1,345,0,45,1,345,0,1,0.984732824427481,1,0.997109826589595,1,0.997109826589595,22.5894987385824,900,7000
0.65,129,4,258,0,45,1,345,0,45,1,345,0,1,0.984732824427481,1,0.997109826589595,1,0.997109826589595,25.8102185869565,900,8000
0.65,92,2,260,37,37,1,345,8,34,1,345,11,0.713178294573643,0.99236641221374,0.822222222222222,0.997109826589595,0.755555555555556,0.997109826589595,3.22333158385093,all,1000
0.65,123,3,259,6,45,1,345,0,44,1,345,1,0.953488372093023,0.988549618320611,1,0.997109826589595,0.977777777777778,0.997109826589595,6.45146549050055,all,2000
0.65,129,4,258,0,45,1,345,0,45,1,345,0,1,0.984732824427481,1,0.997109826589595,1,0.997109826589595,9.66276932773109,all,3000
0.65,129,4,258,0,45,1,345,0,45,1,345,0,1,0.984732824427481,1,0.997109826589595,1,0.997109826589595,12.906317971319,all,4000
0.65,129,4,258,0,45,1,345,0,45,1,345,0,1,0.984732824427481,1,0.997109826589595,1,0.997109826589595,16.1235362659847,all,5000
0.65,129,4,258,0,45,1,345,0,45,1,345,0,1,0.984732824427481,1,0.997109826589595,1,0.997109826589595,19.3593097332846,all,6000
0.65,129,4,258,0,45,1,345,0,45,1,345,0,1,0.984732824427481,1,0.997109826589595,1,0.997109826589595,22.5894987385824,all,7000
0.65,129,4,258,0,45,1,345,0,45,1,345,0,1,0.984732824427481,1,0.997109826589595,1,0.997109826589595,25.8102185869565,all,8000
0.7,83,2,260,46,29,0,346,16,27,1,345,18,0.643410852713178,0.99236641221374,0.644444444444445,1,0.6,0.997109826589595,3.22333158385093,100,1000
0.7,121,3,259,8,43,1,345,2,42,1,345,3,0.937984496124031,0.988549618320611,0.955555555555556,0.997109826589595,0.933333333333333,0.997109826589595,6.45146549050055,100,2000
0.7,129,3,259,0,45,1,345,0,45,1,345,0,1,0.988549618320611,1,0.997109826589595,1,0.997109826589595,9.66276932773109,100,3000
0.7,129,4,258,0,45,1,345,0,45,1,345,0,1,0.984732824427481,1,0.997109826589595,1,0.997109826589595,12.906317971319,100,4000
0.7,129,4,258,0,45,1,345,0,45,1,345,0,1,0.984732824427481,1,0.997109826589595,1,0.997109826589595,16.1235362659847,100,5000
0.7,129,4,258,0,45,1,345,0,45,1,345,0,1,0.984732824427481,1,0.997109826589595,1,0.997109826589595,19.3593097332846,100,6000
0.7,129,4,258,0,45,1,345,0,45,1,345,0,1,0.984732824427481,1,0.997109826589595,1,0.997109826589595,22.5894987385824,100,7000
0.7,129,4,258,0,45,1,345,0,45,1,345,0,1,0.984732824427481,1,0.997109826589595,1,0.997109826589595,25.8102185869565,100,8000
0.7,84,1,261,45,32,0,346,13,27,0,346,18,0.651162790697675,0.99618320610687,0.711111111111111,1,0.6,1,3.22333158385093,200,1000
0.7,122,3,259,7,43,0,346,2,42,1,345,3,0.945736434108527,0.988549618320611,0.955555555555556,1,0.933333333333333,0.997109826589595,6.45146549050055,200,2000
0.7,129,3,259,0,45,1,345,0,45,1,345,0,1,0.988549618320611,1,0.997109826589595,1,0.997109826589595,9.66276932773109,200,3000
0.7,129,4,258,0,45,1,345,0,45,1,345,0,1,0.984732824427481,1,0.997109826589595,1,0.997109826589595,12.906317971319,200,4000
0.7,129,4,258,0,45,1,345,0,45,1,345,0,1,0.984732824427481,1,0.997109826589595,1,0.997109826589595,16.1235362659847,200,5000
0.7,129,4,258,0,45,1,345,0,45,1,345,0,1,0.984732824427481,1,0.997109826589595,1,0.997109826589595,19.3593097332846,200,6000
0.7,129,4,258,0,45,1,345,0,45,1,345,0,1,0.984732824427481,1,0.997109826589595,1,0.997109826589595,22.5894987385824,200,7000
0.7,129,4,258,0,45,1,345,0,45,1,345,0,1,0.984732824427481,1,0.997109826589595,1,0.997109826589595,25.8102185869565,200,8000
0.7,86,2,260,43,30,1,345,15,28,0,346,17,0.666666666666667,0.99236641221374,0.666666666666667,0.997109826589595,0.622222222222222,1,3.22333158385093,300,1000
0.7,123,3,259,6,43,1,345,2,43,0,346,2,0.953488372093023,0.988549618320611,0.955555555555556,0.997109826589595,0.955555555555556,1,6.45146549050055,300,2000
0.7,129,4,258,0,45,1,345,0,45,1,345,0,1,0.984732824427481,1,0.997109826589595,1,0.997109826589595,9.66276932773109,300,3000
0.7,129,4,258,0,45,1,345,0,45,1,345,0,1,0.984732824427481,1,0.997109826589595,1,0.997109826589595,12.906317971319,300,4000
0.7,129,4,258,0,45,1,345,0,45,1,345,0,1,0.984732824427481,1,0.997109826589595,1,0.997109826589595,16.1235362659847,300,5000
0.7,129,4,258,0,45,1,345,0,45,1,345,0,1,0.984732824427481,1,0.997109826589595,1,0.997109826589595,19.3593097332846,300,6000
0.7,129,4,258,0,45,1,345,0,45,1,345,0,1,0.984732824427481,1,0.997109826589595,1,0.997109826589595,22.5894987385824,300,7000
0.7,129,4,258,0,45,1,345,0,45,1,345,0,1,0.984732824427481,1,0.997109826589595,1,0.997109826589595,25.8102185869565,300,8000
0.7,83,2,260,46,31,1,345,14,28,0,346,17,0.643410852713178,0.99236641221374,0.688888888888889,0.997109826589595,0.622222222222222,1,3.22333158385093,400,1000
0.7,121,3,259,8,44,1,345,1,43,1,345,2,0.937984496124031,0.988549618320611,0.977777777777778,0.997109826589595,0.955555555555556,0.997109826589595,6.45146549050055,400,2000
0.7,128,3,259,1,45,1,345,0,45,1,345,0,0.992248062015504,0.988549618320611,1,0.997109826589595,1,0.997109826589595,9.66276932773109,400,3000
0.7,129,4,258,0,45,1,345,0,45,1,345,0,1,0.984732824427481,1,0.997109826589595,1,0.997109826589595,12.906317971319,400,4000
0.7,129,4,258,0,45,1,345,0,45,1,345,0,1,0.984732824427481,1,0.997109826589595,1,0.997109826589595,16.1235362659847,400,5000
0.7,129,4,258,0,45,1,345,0,45,1,345,0,1,0.984732824427481,1,0.997109826589595,1,0.997109826589595,19.3593097332846,400,6000
0.7,129,4,258,0,45,1,345,0,45,1,345,0,1,0.984732824427481,1,0.997109826589595,1,0.997109826589595,22.5894987385824,400,7000
0.7,129,4,258,0,45,1,345,0,45,1,345,0,1,0.984732824427481,1,0.997109826589595,1,0.997109826589595,25.8102185869565,400,8000
0.7,83,2,260,46,30,0,346,15,29,0,346,16,0.643410852713178,0.99236641221374,0.666666666666667,1,0.644444444444445,1,3.22333158385093,500,1000
0.7,122,3,259,7,43,1,345,2,42,0,346,3,0.945736434108527,0.988549618320611,0.955555555555556,0.997109826589595,0.933333333333333,1,6.45146549050055,500,2000
0.7,128,3,259,1,45,1,345,0,45,1,345,0,0.992248062015504,0.988549618320611,1,0.997109826589595,1,0.997109826589595,9.66276932773109,500,3000
0.7,129,3,259,0,45,1,345,0,45,1,345,0,1,0.988549618320611,1,0.997109826589595,1,0.997109826589595,12.906317971319,500,4000
0.7,129,3,259,0,45,1,345,0,45,1,345,0,1,0.988549618320611,1,0.997109826589595,1,0.997109826589595,16.1235362659847,500,5000
0.7,129,4,258,0,45,1,345,0,45,1,345,0,1,0.984732824427481,1,0.997109826589595,1,0.997109826589595,19.3593097332846,500,6000
0.7,129,4,258,0,45,1,345,0,45,1,345,0,1,0.984732824427481,1,0.997109826589595,1,0.997109826589595,22.5894987385824,500,7000
0.7,129,4,258,0,45,1,345,0,45,1,345,0,1,0.984732824427481,1,0.997109826589595,1,0.997109826589595,25.8102185869565,500,8000
0.7,79,2,260,50,31,0,346,14,28,0,346,17,0.612403100775194,0.99236641221374,0.688888888888889,1,0.622222222222222,1,3.22333158385093,600,1000
0.7,121,3,259,8,43,1,345,2,43,1,345,2,0.937984496124031,0.988549618320611,0.955555555555556,0.997109826589595,0.955555555555556,0.997109826589595,6.45146549050055,600,2000
0.7,129,3,259,0,45,1,345,0,45,1,345,0,1,0.988549618320611,1,0.997109826589595,1,0.997109826589595,9.66276932773109,600,3000
0.7,129,4,258,0,45,1,345,0,45,1,345,0,1,0.984732824427481,1,0.997109826589595,1,0.997109826589595,12.906317971319,600,4000
0.7,129,4,258,0,45,1,345,0,45,1,345,0,1,0.984732824427481,1,0.997109826589595,1,0.997109826589595,16.1235362659847,600,5000
0.7,129,4,258,0,45,1,345,0,45,1,345,0,1,0.984732824427481,1,0.997109826589595,1,0.997109826589595,19.3593097332846,600,6000
0.7,129,4,258,0,45,1,345,0,45,1,345,0,1,0.984732824427481,1,0.997109826589595,1,0.997109826589595,22.5894987385824,600,7000
0.7,129,4,258,0,45,1,345,0,45,1,345,0,1,0.984732824427481,1,0.997109826589595,1,0.997109826589595,25.8102185869565,600,8000
0.7,84,2,260,45,30,0,346,15,29,0,346,16,0.651162790697675,0.99236641221374,0.666666666666667,1,0.644444444444445,1,3.22333158385093,700,1000
0.7,121,3,259,8,43,1,345,2,43,0,346,2,0.937984496124031,0.988549618320611,0.955555555555556,0.997109826589595,0.955555555555556,1,6.45146549050055,700,2000
0.7,129,3,259,0,45,1,345,0,45,1,345,0,1,0.988549618320611,1,0.997109826589595,1,0.997109826589595,9.66276932773109,700,3000
0.7,129,3,259,0,45,1,345,0,45,1,345,0,1,0.988549618320611,1,0.997109826589595,1,0.997109826589595,12.906317971319,700,4000
0.7,129,4,258,0,45,1,345,0,45,1,345,0,1,0.984732824427481,1,0.997109826589595,1,0.997109826589595,16.1235362659847,700,5000
0.7,129,4,258,0,45,1,345,0,45,1,345,0,1,0.984732824427481,1,0.997109826589595,1,0.997109826589595,19.3593097332846,700,6000
0.7,129,4,258,0,45,1,345,0,45,1,345,0,1,0.984732824427481,1,0.997109826589595,1,0.997109826589595,22.5894987385824,700,7000
0.7,129,4,258,0,45,1,345,0,45,1,345,0,1,0.984732824427481,1,0.997109826589595,1,0.997109826589595,25.8102185869565,700,8000
0.7,83,2,260,46,30,0,346,15,29,0,346,16,0.643410852713178,0.99236641221374,0.666666666666667,1,0.644444444444445,1,3.22333158385093,800,1000
0.7,121,3,259,8,43,1,345,2,43,1,345,2,0.937984496124031,0.988549618320611,0.955555555555556,0.997109826589595,0.955555555555556,0.997109826589595,6.45146549050055,800,2000
0.7,128,3,259,1,45,1,345,0,45,1,345,0,0.992248062015504,0.988549618320611,1,0.997109826589595,1,0.997109826589595,9.66276932773109,800,3000
0.7,129,3,259,0,45,1,345,0,45,1,345,0,1,0.988549618320611,1,0.997109826589595,1,0.997109826589595,12.906317971319,800,4000
0.7,129,3,259,0,45,1,345,0,45,1,345,0,1,0.988549618320611,1,0.997109826589595,1,0.997109826589595,16.1235362659847,800,5000
0.7,129,4,258,0,45,1,345,0,45,1,345,0,1,0.984732824427481,1,0.997109826589595,1,0.997109826589595,19.3593097332846,800,6000
0.7,129,4,258,0,45,1,345,0,45,1,345,0,1,0.984732824427481,1,0.997109826589595,1,0.997109826589595,22.5894987385824,800,7000
0.7,129,4,258,0,45,1,345,0,45,1,345,0,1,0.984732824427481,1,0.997109826589595,1,0.997109826589595,25.8102185869565,800,8000
0.7,84,2,260,45,30,1,345,15,28,0,346,17,0.651162790697675,0.99236641221374,0.666666666666667,0.997109826589595,0.622222222222222,1,3.22333158385093,900,1000
0.7,122,3,259,7,43,1,345,2,43,0,346,2,0.945736434108527,0.988549618320611,0.955555555555556,0.997109826589595,0.955555555555556,1,6.45146549050055,900,2000
0.7,128,3,259,1,45,1,345,0,45,1,345,0,0.992248062015504,0.988549618320611,1,0.997109826589595,1,0.997109826589595,9.66276932773109,900,3000
0.7,129,3,259,0,45,1,345,0,45,1,345,0,1,0.988549618320611,1,0.997109826589595,1,0.997109826589595,12.906317971319,900,4000
0.7,129,4,258,0,45,1,345,0,45,1,345,0,1,0.984732824427481,1,0.997109826589595,1,0.997109826589595,16.1235362659847,900,5000
0.7,129,4,258,0,45,1,345,0,45,1,345,0,1,0.984732824427481,1,0.997109826589595,1,0.997109826589595,19.3593097332846,900,6000
0.7,129,4,258,0,45,1,345,0,45,1,345,0,1,0.984732824427481,1,0.997109826589595,1,0.997109826589595,22.5894987385824,900,7000
0.7,129,4,258,0,45,1,345,0,45,1,345,0,1,0.984732824427481,1,0.997109826589595,1,0.997109826589595,25.8102185869565,900,8000
0.7,83,2,260,46,30,0,346,15,28,0,346,17,0.643410852713178,0.99236641221374,0.666666666666667,1,0.622222222222222,1,3.22333158385093,all,1000
0.7,121,3,259,8,43,1,345,2,43,0,346,2,0.937984496124031,0.988549618320611,0.955555555555556,0.997109826589595,0.955555555555556,1,6.45146549050055,all,2000
0.7,128,3,259,1,45,1,345,0,45,1,345,0,0.992248062015504,0.988549618320611,1,0.997109826589595,1,0.997109826589595,9.66276932773109,all,3000
0.7,129,3,259,0,45,1,345,0,45,1,345,0,1,0.988549618320611,1,0.997109826589595,1,0.997109826589595,12.906317971319,all,4000
0.7,129,3,259,0,45,1,345,0,45,1,345,0,1,0.988549618320611,1,0.997109826589595,1,0.997109826589595,16.1235362659847,all,5000
0.7,129,4,258,0,45,1,345,0,45,1,345,0,1,0.984732824427481,1,0.997109826589595,1,0.997109826589595,19.3593097332846,all,6000
0.7,129,4,258,0,45,1,345,0,45,1,345,0,1,0.984732824427481,1,0.997109826589595,1,0.997109826589595,22.5894987385824,all,7000
0.7,129,4,258,0,45,1,345,0,45,1,345,0,1,0.984732824427481,1,0.997109826589595,1,0.997109826589595,25.8102185869565,all,8000
0.75,64,2,260,65,26,0,346,19,20,0,346,25,0.496124031007752,0.99236641221374,0.577777777777778,1,0.444444444444444,1,3.22333158385093,100,1000
0.75,120,2,260,9,42,0,346,3,41,0,346,4,0.930232558139535,0.99236641221374,0.933333333333333,1,0.911111111111111,1,6.45146549050055,100,2000
0.75,126,3,259,3,45,0,346,0,45,1,345,0,0.976744186046512,0.988549618320611,1,1,1,0.997109826589595,9.66276932773109,100,3000
0.75,129,3,259,0,45,0,346,0,45,1,345,0,1,0.988549618320611,1,1,1,0.997109826589595,12.906317971319,100,4000
0.75,129,3,259,0,45,0,346,0,45,1,345,0,1,0.988549618320611,1,1,1,0.997109826589595,16.1235362659847,100,5000
0.75,129,3,259,0,45,1,345,0,45,1,345,0,1,0.988549618320611,1,0.997109826589595,1,0.997109826589595,19.3593097332846,100,6000
0.75,129,4,258,0,45,1,345,0,45,1,345,0,1,0.984732824427481,1,0.997109826589595,1,0.997109826589595,22.5894987385824,100,7000
0.75,129,4,258,0,45,1,345,0,45,1,345,0,1,0.984732824427481,1,0.997109826589595,1,0.997109826589595,25.8102185869565,100,8000
0.75,75,1,261,54,27,0,346,18,23,0,346,22,0.581395348837209,0.99618320610687,0.6,1,0.511111111111111,1,3.22333158385093,200,1000
0.75,119,2,260,10,41,0,346,4,41,0,346,4,0.922480620155039,0.99236641221374,0.911111111111111,1,0.911111111111111,1,6.45146549050055,200,2000
0.75,128,3,259,1,45,0,346,0,45,0,346,0,0.992248062015504,0.988549618320611,1,1,1,1,9.66276932773109,200,3000
0.75,129,3,259,0,45,0,346,0,45,0,346,0,1,0.988549618320611,1,1,1,1,12.906317971319,200,4000
0.75,129,3,259,0,45,0,346,0,45,0,346,0,1,0.988549618320611,1,1,1,1,16.1235362659847,200,5000
0.75,129,4,258,0,45,1,345,0,45,0,346,0,1,0.984732824427481,1,0.997109826589595,1,1,19.3593097332846,200,6000
0.75,129,4,258,0,45,1,345,0,45,0,346,0,1,0.984732824427481,1,0.997109826589595,1,1,22.5894987385824,200,7000
0.75,129,4,258,0,45,1,345,0,45,1,345,0,1,0.984732824427481,1,0.997109826589595,1,0.997109826589595,25.8102185869565,200,8000
0.75,70,1,261,59,26,0,346,19,23,0,346,22,0.542635658914729,0.99618320610687,0.577777777777778,1,0.511111111111111,1,3.22333158385093,300,1000
0.75,121,3,259,8,42,0,346,3,41,0,346,4,0.937984496124031,0.988549618320611,0.933333333333333,1,0.911111111111111,1,6.45146549050055,300,2000
0.75,128,3,259,1,45,1,345,0,45,0,346,0,0.992248062015504,0.988549618320611,1,0.997109826589595,1,1,9.66276932773109,300,3000
0.75,129,3,259,0,45,1,345,0,45,0,346,0,1,0.988549618320611,1,0.997109826589595,1,1,12.906317971319,300,4000
0.75,129,4,258,0,45,1,345,0,45,0,346,0,1,0.984732824427481,1,0.997109826589595,1,1,16.1235362659847,300,5000
0.75,129,4,258,0,45,1,345,0,45,0,346,0,1,0.984732824427481,1,0.997109826589595,1,1,19.3593097332846,300,6000
0.75,129,4,258,0,45,1,345,0,45,0,346,0,1,0.984732824427481,1,0.997109826589595,1,1,22.5894987385824,300,7000
0.75,129,4,258,0,45,1,345,0,45,1,345,0,1,0.984732824427481,1,0.997109826589595,1,0.997109826589595,25.8102185869565,300,8000
0.75,67,0,262,62,25,0,346,20,22,0,346,23,0.51937984496124,1,0.555555555555556,1,0.488888888888889,1,3.22333158385093,400,1000
0.75,120,3,259,9,42,0,346,3,42,0,346,3,0.930232558139535,0.988549618320611,0.933333333333333,1,0.933333333333333,1,6.45146549050055,400,2000
0.75,127,3,259,2,45,1,345,0,45,0,346,0,0.984496124031008,0.988549618320611,1,0.997109826589595,1,1,9.66276932773109,400,3000
0.75,129,3,259,0,45,1,345,0,45,0,346,0,1,0.988549618320611,1,0.997109826589595,1,1,12.906317971319,400,4000
0.75,129,3,259,0,45,1,345,0,45,1,345,0,1,0.988549618320611,1,0.997109826589595,1,0.997109826589595,16.1235362659847,400,5000
0.75,129,3,259,0,45,1,345,0,45,1,345,0,1,0.988549618320611,1,0.997109826589595,1,0.997109826589595,19.3593097332846,400,6000
0.75,129,4,258,0,45,1,345,0,45,1,345,0,1,0.984732824427481,1,0.997109826589595,1,0.997109826589595,22.5894987385824,400,7000
0.75,129,4,258,0,45,1,345,0,45,1,345,0,1,0.984732824427481,1,0.997109826589595,1,0.997109826589595,25.8102185869565,400,8000
0.75,67,0,262,62,27,0,346,18,22,0,346,23,0.51937984496124,1,0.6,1,0.488888888888889,1,3.22333158385093,500,1000
0.75,118,2,260,11,42,0,346,3,41,0,346,4,0.914728682170543,0.99236641221374,0.933333333333333,1,0.911111111111111,1,6.45146549050055,500,2000
0.75,127,3,259,2,45,0,346,0,45,0,346,0,0.984496124031008,0.988549618320611,1,1,1,1,9.66276932773109,500,3000
0.75,129,3,259,0,45,1,345,0,45,0,346,0,1,0.988549618320611,1,0.997109826589595,1,1,12.906317971319,500,4000
0.75,129,3,259,0,45,1,345,0,45,0,346,0,1,0.988549618320611,1,0.997109826589595,1,1,16.1235362659847,500,5000
0.75,129,3,259,0,45,1,345,0,45,0,346,0,1,0.988549618320611,1,0.997109826589595,1,1,19.3593097332846,500,6000
0.75,129,3,259,0,45,1,345,0,45,1,345,0,1,0.988549618320611,1,0.997109826589595,1,0.997109826589595,22.5894987385824,500,7000
0.75,129,3,259,0,45,1,345,0,45,1,345,0,1,0.988549618320611,1,0.997109826589595,1,0.997109826589595,25.8102185869565,500,8000
0.75,65,0,262,64,25,0,346,20,22,0,346,23,0.503875968992248,1,0.555555555555556,1,0.488888888888889,1,3.22333158385093,600,1000
0.75,117,2,260,12,41,0,346,4,41,0,346,4,0.906976744186047,0.99236641221374,0.911111111111111,1,0.911111111111111,1,6.45146549050055,600,2000
0.75,127,3,259,2,45,1,345,0,45,0,346,0,0.984496124031008,0.988549618320611,1,0.997109826589595,1,1,9.66276932773109,600,3000
0.75,129,3,259,0,45,1,345,0,45,0,346,0,1,0.988549618320611,1,0.997109826589595,1,1,12.906317971319,600,4000
0.75,129,3,259,0,45,1,345,0,45,0,346,0,1,0.988549618320611,1,0.997109826589595,1,1,16.1235362659847,600,5000
0.75,129,3,259,0,45,1,345,0,45,1,345,0,1,0.988549618320611,1,0.997109826589595,1,0.997109826589595,19.3593097332846,600,6000
0.75,129,3,259,0,45,1,345,0,45,1,345,0,1,0.988549618320611,1,0.997109826589595,1,0.997109826589595,22.5894987385824,600,7000
0.75,129,4,258,0,45,1,345,0,45,1,345,0,1,0.984732824427481,1,0.997109826589595,1,0.997109826589595,25.8102185869565,600,8000
0.75,64,0,262,65,27,0,346,18,22,0,346,23,0.496124031007752,1,0.6,1,0.488888888888889,1,3.22333158385093,700,1000
0.75,120,2,260,9,42,0,346,3,41,0,346,4,0.930232558139535,0.99236641221374,0.933333333333333,1,0.911111111111111,1,6.45146549050055,700,2000
0.75,127,3,259,2,45,1,345,0,45,0,346,0,0.984496124031008,0.988549618320611,1,0.997109826589595,1,1,9.66276932773109,700,3000
0.75,129,3,259,0,45,1,345,0,45,0,346,0,1,0.988549618320611,1,0.997109826589595,1,1,12.906317971319,700,4000
0.75,129,3,259,0,45,1,345,0,45,0,346,0,1,0.988549618320611,1,0.997109826589595,1,1,16.1235362659847,700,5000
0.75,129,3,259,0,45,1,345,0,45,0,346,0,1,0.988549618320611,1,0.997109826589595,1,1,19.3593097332846,700,6000
0.75,129,3,259,0,45,1,345,0,45,1,345,0,1,0.988549618320611,1,0.997109826589595,1,0.997109826589595,22.5894987385824,700,7000
0.75,129,4,258,0,45,1,345,0,45,1,345,0,1,0.984732824427481,1,0.997109826589595,1,0.997109826589595,25.8102185869565,700,8000
0.75,68,0,262,61,26,0,346,19,22,0,346,23,0.527131782945737,1,0.577777777777778,1,0.488888888888889,1,3.22333158385093,800,1000
0.75,120,2,260,9,42,0,346,3,41,0,346,4,0.930232558139535,0.99236641221374,0.933333333333333,1,0.911111111111111,1,6.45146549050055,800,2000
0.75,127,3,259,2,45,1,345,0,45,0,346,0,0.984496124031008,0.988549618320611,1,0.997109826589595,1,1,9.66276932773109,800,3000
0.75,129,3,259,0,45,1,345,0,45,0,346,0,1,0.988549618320611,1,0.997109826589595,1,1,12.906317971319,800,4000
0.75,129,3,259,0,45,1,345,0,45,0,346,0,1,0.988549618320611,1,0.997109826589595,1,1,16.1235362659847,800,5000
0.75,129,3,259,0,45,1,345,0,45,1,345,0,1,0.988549618320611,1,0.997109826589595,1,0.997109826589595,19.3593097332846,800,6000
0.75,129,3,259,0,45,1,345,0,45,1,345,0,1,0.988549618320611,1,0.997109826589595,1,0.997109826589595,22.5894987385824,800,7000
0.75,129,3,259,0,45,1,345,0,45,1,345,0,1,0.988549618320611,1,0.997109826589595,1,0.997109826589595,25.8102185869565,800,8000
0.75,68,0,262,61,27,0,346,18,22,0,346,23,0.527131782945737,1,0.6,1,0.488888888888889,1,3.22333158385093,900,1000
0.75,118,2,260,11,42,0,346,3,41,0,346,4,0.914728682170543,0.99236641221374,0.933333333333333,1,0.911111111111111,1,6.45146549050055,900,2000
0.75,128,3,259,1,45,1,345,0,45,0,346,0,0.992248062015504,0.988549618320611,1,0.997109826589595,1,1,9.66276932773109,900,3000
0.75,129,3,259,0,45,1,345,0,45,0,346,0,1,0.988549618320611,1,0.997109826589595,1,1,12.906317971319,900,4000
0.75,129,3,259,0,45,1,345,0,45,0,346,0,1,0.988549618320611,1,0.997109826589595,1,1,16.1235362659847,900,5000
0.75,129,3,259,0,45,1,345,0,45,1,345,0,1,0.988549618320611,1,0.997109826589595,1,0.997109826589595,19.3593097332846,900,6000
0.75,129,3,259,0,45,1,345,0,45,1,345,0,1,0.988549618320611,1,0.997109826589595,1,0.997109826589595,22.5894987385824,900,7000
0.75,129,3,259,0,45,1,345,0,45,1,345,0,1,0.988549618320611,1,0.997109826589595,1,0.997109826589595,25.8102185869565,900,8000
0.75,66,0,262,63,27,0,346,18,22,0,346,23,0.511627906976744,1,0.6,1,0.488888888888889,1,3.22333158385093,all,1000
0.75,119,2,260,10,42,0,346,3,41,0,346,4,0.922480620155039,0.99236641221374,0.933333333333333,1,0.911111111111111,1,6.45146549050055,all,2000
0.75,127,3,259,2,45,1,345,0,45,0,346,0,0.984496124031008,0.988549618320611,1,0.997109826589595,1,1,9.66276932773109,all,3000
0.75,129,3,259,0,45,1,345,0,45,0,346,0,1,0.988549618320611,1,0.997109826589595,1,1,12.906317971319,all,4000
0.75,129,3,259,0,45,1,345,0,45,0,346,0,1,0.988549618320611,1,0.997109826589595,1,1,16.1235362659847,all,5000
0.75,129,3,259,0,45,1,345,0,45,1,345,0,1,0.988549618320611,1,0.997109826589595,1,0.997109826589595,19.3593097332846,all,6000
0.75,129,3,259,0,45,1,345,0,45,1,345,0,1,0.988549618320611,1,0.997109826589595,1,0.997109826589595,22.5894987385824,all,7000
0.75,129,3,259,0,45,1,345,0,45,1,345,0,1,0.988549618320611,1,0.997109826589595,1,0.997109826589595,25.8102185869565,all,8000
0.8,52,0,262,77,21,0,346,24,15,0,346,30,0.403100775193798,1,0.466666666666667,1,0.333333333333333,1,3.22333158385093,100,1000
0.8,116,2,260,13,40,0,346,5,40,0,346,5,0.89922480620155,0.99236641221374,0.888888888888889,1,0.888888888888889,1,6.45146549050055,100,2000
0.8,125,3,259,4,45,0,346,0,44,0,346,1,0.968992248062015,0.988549618320611,1,1,0.977777777777778,1,9.66276932773109,100,3000
0.8,128,3,259,1,45,0,346,0,45,0,346,0,0.992248062015504,0.988549618320611,1,1,1,1,12.906317971319,100,4000
0.8,128,3,259,1,45,0,346,0,45,0,346,0,0.992248062015504,0.988549618320611,1,1,1,1,16.1235362659847,100,5000
0.8,128,3,259,1,45,0,346,0,45,1,345,0,0.992248062015504,0.988549618320611,1,1,1,0.997109826589595,19.3593097332846,100,6000
0.8,128,3,259,1,45,0,346,0,45,1,345,0,0.992248062015504,0.988549618320611,1,1,1,0.997109826589595,22.5894987385824,100,7000
0.8,129,3,259,0,45,0,346,0,45,1,345,0,1,0.988549618320611,1,1,1,0.997109826589595,25.8102185869565,100,8000
0.8,57,1,261,72,20,0,346,25,18,0,346,27,0.441860465116279,0.99618320610687,0.444444444444444,1,0.4,1,3.22333158385093,200,1000
0.8,116,1,261,13,41,0,346,4,39,0,346,6,0.89922480620155,0.99618320610687,0.911111111111111,1,0.866666666666667,1,6.45146549050055,200,2000
0.8,125,2,260,4,45,0,346,0,45,0,346,0,0.968992248062015,0.99236641221374,1,1,1,1,9.66276932773109,200,3000
0.8,128,3,259,1,45,0,346,0,45,0,346,0,0.992248062015504,0.988549618320611,1,1,1,1,12.906317971319,200,4000
0.8,129,3,259,0,45,0,346,0,45,0,346,0,1,0.988549618320611,1,1,1,1,16.1235362659847,200,5000
0.8,129,3,259,0,45,0,346,0,45,0,346,0,1,0.988549618320611,1,1,1,1,19.3593097332846,200,6000
0.8,129,3,259,0,45,0,346,0,45,0,346,0,1,0.988549618320611,1,1,1,1,22.5894987385824,200,7000
0.8,129,3,259,0,45,0,346,0,45,0,346,0,1,0.988549618320611,1,1,1,1,25.8102185869565,200,8000
0.8,55,0,262,74,19,0,346,26,14,0,346,31,0.426356589147287,1,0.422222222222222,1,0.311111111111111,1,3.22333158385093,300,1000
0.8,116,1,261,13,41,0,346,4,40,0,346,5,0.89922480620155,0.99618320610687,0.911111111111111,1,0.888888888888889,1,6.45146549050055,300,2000
0.8,126,3,259,3,45,0,346,0,45,0,346,0,0.976744186046512,0.988549618320611,1,1,1,1,9.66276932773109,300,3000
0.8,129,3,259,0,45,0,346,0,45,0,346,0,1,0.988549618320611,1,1,1,1,12.906317971319,300,4000
0.8,129,3,259,0,45,0,346,0,45,0,346,0,1,0.988549618320611,1,1,1,1,16.1235362659847,300,5000
0.8,129,3,259,0,45,0,346,0,45,0,346,0,1,0.988549618320611,1,1,1,1,19.3593097332846,300,6000
0.8,129,3,259,0,45,1,345,0,45,0,346,0,1,0.988549618320611,1,0.997109826589595,1,1,22.5894987385824,300,7000
0.8,129,3,259,0,45,1,345,0,45,0,346,0,1,0.988549618320611,1,0.997109826589595,1,1,25.8102185869565,300,8000
0.8,55,0,262,74,17,0,346,28,16,0,346,29,0.426356589147287,1,0.377777777777778,1,0.355555555555556,1,3.22333158385093,400,1000
0.8,116,1,261,13,41,0,346,4,40,0,346,5,0.89922480620155,0.99618320610687,0.911111111111111,1,0.888888888888889,1,6.45146549050055,400,2000
0.8,125,2,260,4,44,0,346,1,45,0,346,0,0.968992248062015,0.99236641221374,0.977777777777778,1,1,1,9.66276932773109,400,3000
0.8,128,3,259,1,45,0,346,0,45,0,346,0,0.992248062015504,0.988549618320611,1,1,1,1,12.906317971319,400,4000
0.8,128,3,259,1,45,0,346,0,45,0,346,0,0.992248062015504,0.988549618320611,1,1,1,1,16.1235362659847,400,5000
0.8,128,3,259,1,45,0,346,0,45,0,346,0,0.992248062015504,0.988549618320611,1,1,1,1,19.3593097332846,400,6000
0.8,128,3,259,1,45,0,346,0,45,0,346,0,0.992248062015504,0.988549618320611,1,1,1,1,22.5894987385824,400,7000
0.8,129,3,259,0,45,1,345,0,45,0,346,0,1,0.988549618320611,1,0.997109826589595,1,1,25.8102185869565,400,8000
0.8,52,0,262,77,19,0,346,26,16,0,346,29,0.403100775193798,1,0.422222222222222,1,0.355555555555556,1,3.22333158385093,500,1000
0.8,116,1,261,13,41,0,346,4,40,0,346,5,0.89922480620155,0.99618320610687,0.911111111111111,1,0.888888888888889,1,6.45146549050055,500,2000
0.8,125,2,260,4,44,0,346,1,45,0,346,0,0.968992248062015,0.99236641221374,0.977777777777778,1,1,1,9.66276932773109,500,3000
0.8,129,3,259,0,45,0,346,0,45,0,346,0,1,0.988549618320611,1,1,1,1,12.906317971319,500,4000
0.8,129,3,259,0,45,0,346,0,45,0,346,0,1,0.988549618320611,1,1,1,1,16.1235362659847,500,5000
0.8,129,3,259,0,45,0,346,0,45,0,346,0,1,0.988549618320611,1,1,1,1,19.3593097332846,500,6000
0.8,129,3,259,0,45,0,346,0,45,0,346,0,1,0.988549618320611,1,1,1,1,22.5894987385824,500,7000
0.8,129,3,259,0,45,1,345,0,45,0,346,0,1,0.988549618320611,1,0.997109826589595,1,1,25.8102185869565,500,8000
0.8,52,0,262,77,18,0,346,27,15,0,346,30,0.403100775193798,1,0.4,1,0.333333333333333,1,3.22333158385093,600,1000
0.8,116,1,261,13,41,0,346,4,39,0,346,6,0.89922480620155,0.99618320610687,0.911111111111111,1,0.866666666666667,1,6.45146549050055,600,2000
0.8,125,2,260,4,45,0,346,0,45,0,346,0,0.968992248062015,0.99236641221374,1,1,1,1,9.66276932773109,600,3000
0.8,128,3,259,1,45,0,346,0,45,0,346,0,0.992248062015504,0.988549618320611,1,1,1,1,12.906317971319,600,4000
0.8,129,3,259,0,45,0,346,0,45,0,346,0,1,0.988549618320611,1,1,1,1,16.1235362659847,600,5000
0.8,129,3,259,0,45,0,346,0,45,0,346,0,1,0.988549618320611,1,1,1,1,19.3593097332846,600,6000
0.8,129,3,259,0,45,1,345,0,45,0,346,0,1,0.988549618320611,1,0.997109826589595,1,1,22.5894987385824,600,7000
0.8,129,3,259,0,45,1,345,0,45,0,346,0,1,0.988549618320611,1,0.997109826589595,1,1,25.8102185869565,600,8000
0.8,54,0,262,75,18,0,346,27,15,0,346,30,0.418604651162791,1,0.4,1,0.333333333333333,1,3.22333158385093,700,1000
0.8,116,1,261,13,41,0,346,4,40,0,346,5,0.89922480620155,0.99618320610687,0.911111111111111,1,0.888888888888889,1,6.45146549050055,700,2000
0.8,125,2,260,4,45,0,346,0,45,0,346,0,0.968992248062015,0.99236641221374,1,1,1,1,9.66276932773109,700,3000
0.8,128,3,259,1,45,0,346,0,45,0,346,0,0.992248062015504,0.988549618320611,1,1,1,1,12.906317971319,700,4000
0.8,128,3,259,1,45,0,346,0,45,0,346,0,0.992248062015504,0.988549618320611,1,1,1,1,16.1235362659847,700,5000
0.8,129,3,259,0,45,0,346,0,45,0,346,0,1,0.988549618320611,1,1,1,1,19.3593097332846,700,6000
0.8,129,3,259,0,45,0,346,0,45,0,346,0,1,0.988549618320611,1,1,1,1,22.5894987385824,700,7000
0.8,129,3,259,0,45,1,345,0,45,0,346,0,1,0.988549618320611,1,0.997109826589595,1,1,25.8102185869565,700,8000
0.8,54,0,262,75,19,0,346,26,15,0,346,30,0.418604651162791,1,0.422222222222222,1,0.333333333333333,1,3.22333158385093,800,1000
0.8,115,1,261,14,41,0,346,4,39,0,346,6,0.891472868217054,0.99618320610687,0.911111111111111,1,0.866666666666667,1,6.45146549050055,800,2000
0.8,125,2,260,4,45,0,346,0,45,0,346,0,0.968992248062015,0.99236641221374,1,1,1,1,9.66276932773109,800,3000
0.8,128,2,260,1,45,0,346,0,45,0,346,0,0.992248062015504,0.99236641221374,1,1,1,1,12.906317971319,800,4000
0.8,128,3,259,1,45,0,346,0,45,0,346,0,0.992248062015504,0.988549618320611,1,1,1,1,16.1235362659847,800,5000
0.8,129,3,259,0,45,0,346,0,45,0,346,0,1,0.988549618320611,1,1,1,1,19.3593097332846,800,6000
0.8,129,3,259,0,45,0,346,0,45,0,346,0,1,0.988549618320611,1,1,1,1,22.5894987385824,800,7000
0.8,129,3,259,0,45,0,346,0,45,0,346,0,1,0.988549618320611,1,1,1,1,25.8102185869565,800,8000
0.8,53,0,262,76,18,0,346,27,15,0,346,30,0.410852713178295,1,0.4,1,0.333333333333333,1,3.22333158385093,900,1000
0.8,113,1,261,16,41,0,346,4,39,0,346,6,0.875968992248062,0.99618320610687,0.911111111111111,1,0.866666666666667,1,6.45146549050055,900,2000
0.8,125,2,260,4,45,0,346,0,45,0,346,0,0.968992248062015,0.99236641221374,1,1,1,1,9.66276932773109,900,3000
0.8,129,3,259,0,45,0,346,0,45,0,346,0,1,0.988549618320611,1,1,1,1,12.906317971319,900,4000
0.8,129,3,259,0,45,0,346,0,45,0,346,0,1,0.988549618320611,1,1,1,1,16.1235362659847,900,5000
0.8,129,3,259,0,45,0,346,0,45,0,346,0,1,0.988549618320611,1,1,1,1,19.3593097332846,900,6000
0.8,129,3,259,0,45,1,345,0,45,0,346,0,1,0.988549618320611,1,0.997109826589595,1,1,22.5894987385824,900,7000
0.8,129,3,259,0,45,1,345,0,45,0,346,0,1,0.988549618320611,1,0.997109826589595,1,1,25.8102185869565,900,8000
0.8,53,0,262,76,18,0,346,27,15,0,346,30,0.410852713178295,1,0.4,1,0.333333333333333,1,3.22333158385093,all,1000
0.8,115,1,261,14,41,0,346,4,39,0,346,6,0.891472868217054,0.99618320610687,0.911111111111111,1,0.866666666666667,1,6.45146549050055,all,2000
0.8,125,2,260,4,45,0,346,0,45,0,346,0,0.968992248062015,0.99236641221374,1,1,1,1,9.66276932773109,all,3000
0.8,128,3,259,1,45,0,346,0,45,0,346,0,0.992248062015504,0.988549618320611,1,1,1,1,12.906317971319,all,4000
0.8,129,3,259,0,45,0,346,0,45,0,346,0,1,0.988549618320611,1,1,1,1,16.1235362659847,all,5000
0.8,129,3,259,0,45,0,346,0,45,0,346,0,1,0.988549618320611,1,1,1,1,19.3593097332846,all,6000
0.8,129,3,259,0,45,0,346,0,45,0,346,0,1,0.988549618320611,1,1,1,1,22.5894987385824,all,7000
0.8,129,3,259,0,45,1,345,0,45,0,346,0,1,0.988549618320611,1,0.997109826589595,1,1,25.8102185869565,all,8000
0.85,46,0,262,83,14,0,346,31,12,0,346,33,0.356589147286822,1,0.311111111111111,1,0.266666666666667,1,3.22333158385093,100,1000
0.85,108,1,261,21,39,0,346,6,37,0,346,8,0.837209302325582,0.99618320610687,0.866666666666667,1,0.822222222222222,1,6.45146549050055,100,2000
0.85,123,2,260,6,43,0,346,2,42,0,346,3,0.953488372093023,0.99236641221374,0.955555555555556,1,0.933333333333333,1,9.66276932773109,100,3000
0.85,127,2,260,2,45,0,346,0,44,0,346,1,0.984496124031008,0.99236641221374,1,1,0.977777777777778,1,12.906317971319,100,4000
0.85,128,2,260,1,45,0,346,0,45,0,346,0,0.992248062015504,0.99236641221374,1,1,1,1,16.1235362659847,100,5000
0.85,128,2,260,1,45,0,346,0,45,0,346,0,0.992248062015504,0.99236641221374,1,1,1,1,19.3593097332846,100,6000
0.85,128,2,260,1,45,0,346,0,45,0,346,0,0.992248062015504,0.99236641221374,1,1,1,1,22.5894987385824,100,7000
0.85,128,2,260,1,45,0,346,0,45,0,346,0,0.992248062015504,0.99236641221374,1,1,1,1,25.8102185869565,100,8000
0.85,38,0,262,91,13,0,346,32,10,0,346,35,0.294573643410853,1,0.288888888888889,1,0.222222222222222,1,3.22333158385093,200,1000
0.85,110,1,261,19,40,0,346,5,38,0,346,7,0.852713178294574,0.99618320610687,0.888888888888889,1,0.844444444444445,1,6.45146549050055,200,2000
0.85,125,1,261,4,43,0,346,2,43,0,346,2,0.968992248062015,0.99618320610687,0.955555555555556,1,0.955555555555556,1,9.66276932773109,200,3000
0.85,128,2,260,1,44,0,346,1,45,0,346,0,0.992248062015504,0.99236641221374,0.977777777777778,1,1,1,12.906317971319,200,4000
0.85,128,2,260,1,45,0,346,0,45,0,346,0,0.992248062015504,0.99236641221374,1,1,1,1,16.1235362659847,200,5000
0.85,128,2,260,1,45,0,346,0,45,0,346,0,0.992248062015504,0.99236641221374,1,1,1,1,19.3593097332846,200,6000
0.85,128,2,260,1,45,0,346,0,45,0,346,0,0.992248062015504,0.99236641221374,1,1,1,1,22.5894987385824,200,7000
0.85,128,2,260,1,45,0,346,0,45,0,346,0,0.992248062015504,0.99236641221374,1,1,1,1,25.8102185869565,200,8000
0.85,45,0,262,84,12,0,346,33,11,0,346,34,0.348837209302326,1,0.266666666666667,1,0.244444444444444,1,3.22333158385093,300,1000
0.85,108,1,261,21,39,0,346,6,37,0,346,8,0.837209302325582,0.99618320610687,0.866666666666667,1,0.822222222222222,1,6.45146549050055,300,2000
0.85,125,1,261,4,43,0,346,2,43,0,346,2,0.968992248062015,0.99618320610687,0.955555555555556,1,0.955555555555556,1,9.66276932773109,300,3000
0.85,128,1,261,1,44,0,346,1,45,0,346,0,0.992248062015504,0.99618320610687,0.977777777777778,1,1,1,12.906317971319,300,4000
0.85,128,2,260,1,45,0,346,0,45,0,346,0,0.992248062015504,0.99236641221374,1,1,1,1,16.1235362659847,300,5000
0.85,128,2,260,1,45,0,346,0,45,0,346,0,0.992248062015504,0.99236641221374,1,1,1,1,19.3593097332846,300,6000
0.85,128,3,259,1,45,0,346,0,45,0,346,0,0.992248062015504,0.988549618320611,1,1,1,1,22.5894987385824,300,7000
0.85,129,3,259,0,45,0,346,0,45,0,346,0,1,0.988549618320611,1,1,1,1,25.8102185869565,300,8000
0.85,44,0,262,85,13,0,346,32,10,0,346,35,0.341085271317829,1,0.288888888888889,1,0.222222222222222,1,3.22333158385093,400,1000
0.85,110,0,262,19,41,0,346,4,38,0,346,7,0.852713178294574,1,0.911111111111111,1,0.844444444444445,1,6.45146549050055,400,2000
0.85,125,1,261,4,44,0,346,1,44,0,346,1,0.968992248062015,0.99618320610687,0.977777777777778,1,0.977777777777778,1,9.66276932773109,400,3000
0.85,128,1,261,1,45,0,346,0,45,0,346,0,0.992248062015504,0.99618320610687,1,1,1,1,12.906317971319,400,4000
0.85,128,1,261,1,45,0,346,0,45,0,346,0,0.992248062015504,0.99618320610687,1,1,1,1,16.1235362659847,400,5000
0.85,128,1,261,1,45,0,346,0,45,0,346,0,0.992248062015504,0.99618320610687,1,1,1,1,19.3593097332846,400,6000
0.85,128,1,261,1,45,0,346,0,45,0,346,0,0.992248062015504,0.99618320610687,1,1,1,1,22.5894987385824,400,7000
0.85,128,3,259,1,45,0,346,0,45,0,346,0,0.992248062015504,0.988549618320611,1,1,1,1,25.8102185869565,400,8000
0.85,43,0,262,86,13,0,346,32,9,0,346,36,0.333333333333333,1,0.288888888888889,1,0.2,1,3.22333158385093,500,1000
0.85,108,0,262,21,41,0,346,4,38,0,346,7,0.837209302325582,1,0.911111111111111,1,0.844444444444445,1,6.45146549050055,500,2000
0.85,125,1,261,4,43,0,346,2,44,0,346,1,0.968992248062015,0.99618320610687,0.955555555555556,1,0.977777777777778,1,9.66276932773109,500,3000
0.85,128,1,261,1,44,0,346,1,45,0,346,0,0.992248062015504,0.99618320610687,0.977777777777778,1,1,1,12.906317971319,500,4000
0.85,128,2,260,1,45,0,346,0,45,0,346,0,0.992248062015504,0.99236641221374,1,1,1,1,16.1235362659847,500,5000
0.85,128,2,260,1,45,0,346,0,45,0,346,0,0.992248062015504,0.99236641221374,1,1,1,1,19.3593097332846,500,6000
0.85,128,2,260,1,45,0,346,0,45,0,346,0,0.992248062015504,0.99236641221374,1,1,1,1,22.5894987385824,500,7000
0.85,129,3,259,0,45,0,346,0,45,0,346,0,1,0.988549618320611,1,1,1,1,25.8102185869565,500,8000
0.85,41,0,262,88,12,0,346,33,9,0,346,36,0.317829457364341,1,0.266666666666667,1,0.2,1,3.22333158385093,600,1000
0.85,109,1,261,20,41,0,346,4,38,0,346,7,0.844961240310077,0.99618320610687,0.911111111111111,1,0.844444444444445,1,6.45146549050055,600,2000
0.85,125,1,261,4,43,0,346,2,43,0,346,2,0.968992248062015,0.99618320610687,0.955555555555556,1,0.955555555555556,1,9.66276932773109,600,3000
0.85,128,1,261,1,44,0,346,1,45,0,346,0,0.992248062015504,0.99618320610687,0.977777777777778,1,1,1,12.906317971319,600,4000
0.85,128,1,261,1,45,0,346,0,45,0,346,0,0.992248062015504,0.99618320610687,1,1,1,1,16.1235362659847,600,5000
0.85,128,1,261,1,45,0,346,0,45,0,346,0,0.992248062015504,0.99618320610687,1,1,1,1,19.3593097332846,600,6000
0.85,128,2,260,1,45,0,346,0,45,0,346,0,0.992248062015504,0.99236641221374,1,1,1,1,22.5894987385824,600,7000
0.85,128,2,260,1,45,0,346,0,45,0,346,0,0.992248062015504,0.99236641221374,1,1,1,1,25.8102185869565,600,8000
0.85,46,0,262,83,14,0,346,31,9,0,346,36,0.356589147286822,1,0.311111111111111,1,0.2,1,3.22333158385093,700,1000
0.85,111,0,262,18,41,0,346,4,38,0,346,7,0.86046511627907,1,0.911111111111111,1,0.844444444444445,1,6.45146549050055,700,2000
0.85,125,1,261,4,43,0,346,2,43,0,346,2,0.968992248062015,0.99618320610687,0.955555555555556,1,0.955555555555556,1,9.66276932773109,700,3000
0.85,128,1,261,1,44,0,346,1,45,0,346,0,0.992248062015504,0.99618320610687,0.977777777777778,1,1,1,12.906317971319,700,4000
0.85,128,1,261,1,45,0,346,0,45,0,346,0,0.992248062015504,0.99618320610687,1,1,1,1,16.1235362659847,700,5000
0.85,128,1,261,1,45,0,346,0,45,0,346,0,0.992248062015504,0.99618320610687,1,1,1,1,19.3593097332846,700,6000
0.85,128,1,261,1,45,0,346,0,45,0,346,0,0.992248062015504,0.99618320610687,1,1,1,1,22.5894987385824,700,7000
0.85,128,3,259,1,45,0,346,0,45,0,346,0,0.992248062015504,0.988549618320611,1,1,1,1,25.8102185869565,700,8000
0.85,43,0,262,86,13,0,346,32,9,0,346,36,0.333333333333333,1,0.288888888888889,1,0.2,1,3.22333158385093,800,1000
0.85,111,1,261,18,41,0,346,4,38,0,346,7,0.86046511627907,0.99618320610687,0.911111111111111,1,0.844444444444445,1,6.45146549050055,800,2000
0.85,125,1,261,4,43,0,346,2,44,0,346,1,0.968992248062015,0.99618320610687,0.955555555555556,1,0.977777777777778,1,9.66276932773109,800,3000
0.85,128,1,261,1,44,0,346,1,45,0,346,0,0.992248062015504,0.99618320610687,0.977777777777778,1,1,1,12.906317971319,800,4000
0.85,128,2,260,1,45,0,346,0,45,0,346,0,0.992248062015504,0.99236641221374,1,1,1,1,16.1235362659847,800,5000
0.85,128,2,260,1,45,0,346,0,45,0,346,0,0.992248062015504,0.99236641221374,1,1,1,1,19.3593097332846,800,6000
0.85,128,2,260,1,45,0,346,0,45,0,346,0,0.992248062015504,0.99236641221374,1,1,1,1,22.5894987385824,800,7000
0.85,128,2,260,1,45,0,346,0,45,0,346,0,0.992248062015504,0.99236641221374,1,1,1,1,25.8102185869565,800,8000
0.85,40,0,262,89,14,0,346,31,9,0,346,36,0.310077519379845,1,0.311111111111111,1,0.2,1,3.22333158385093,900,1000
0.85,111,0,262,18,41,0,346,4,38,0,346,7,0.86046511627907,1,0.911111111111111,1,0.844444444444445,1,6.45146549050055,900,2000
0.85,125,1,261,4,43,0,346,2,43,0,346,2,0.968992248062015,0.99618320610687,0.955555555555556,1,0.955555555555556,1,9.66276932773109,900,3000
0.85,128,1,261,1,44,0,346,1,45,0,346,0,0.992248062015504,0.99618320610687,0.977777777777778,1,1,1,12.906317971319,900,4000
0.85,128,1,261,1,45,0,346,0,45,0,346,0,0.992248062015504,0.99618320610687,1,1,1,1,16.1235362659847,900,5000
0.85,128,1,261,1,45,0,346,0,45,0,346,0,0.992248062015504,0.99618320610687,1,1,1,1,19.3593097332846,900,6000
0.85,128,2,260,1,45,0,346,0,45,0,346,0,0.992248062015504,0.99236641221374,1,1,1,1,22.5894987385824,900,7000
0.85,128,2,260,1,45,0,346,0,45,0,346,0,0.992248062015504,0.99236641221374,1,1,1,1,25.8102185869565,900,8000
0.85,43,0,262,86,13,0,346,32,9,0,346,36,0.333333333333333,1,0.288888888888889,1,0.2,1,3.22333158385093,all,1000
0.85,110,0,262,19,41,0,346,4,38,0,346,7,0.852713178294574,1,0.911111111111111,1,0.844444444444445,1,6.45146549050055,all,2000
0.85,125,1,261,4,43,0,346,2,43,0,346,2,0.968992248062015,0.99618320610687,0.955555555555556,1,0.955555555555556,1,9.66276932773109,all,3000
0.85,128,1,261,1,44,0,346,1,45,0,346,0,0.992248062015504,0.99618320610687,0.977777777777778,1,1,1,12.906317971319,all,4000
0.85,128,1,261,1,45,0,346,0,45,0,346,0,0.992248062015504,0.99618320610687,1,1,1,1,16.1235362659847,all,5000
0.85,128,1,261,1,45,0,346,0,45,0,346,0,0.992248062015504,0.99618320610687,1,1,1,1,19.3593097332846,all,6000
0.85,128,2,260,1,45,0,346,0,45,0,346,0,0.992248062015504,0.99236641221374,1,1,1,1,22.5894987385824,all,7000
0.85,128,3,259,1,45,0,346,0,45,0,346,0,0.992248062015504,0.988549618320611,1,1,1,1,25.8102185869565,all,8000
0.9,25,0,262,104,8,0,346,37,4,0,346,41,0.193798449612403,1,0.177777777777778,1,0.0888888888888889,1,3.22333158385093,100,1000
0.9,88,0,262,41,36,0,346,9,31,0,346,14,0.682170542635659,1,0.8,1,0.688888888888889,1,6.45146549050055,100,2000
0.9,120,1,261,9,42,0,346,3,40,0,346,5,0.930232558139535,0.99618320610687,0.933333333333333,1,0.888888888888889,1,9.66276932773109,100,3000
0.9,125,1,261,4,44,0,346,1,44,0,346,1,0.968992248062015,0.99618320610687,0.977777777777778,1,0.977777777777778,1,12.906317971319,100,4000
0.9,128,1,261,1,45,0,346,0,45,0,346,0,0.992248062015504,0.99618320610687,1,1,1,1,16.1235362659847,100,5000
0.9,128,1,261,1,45,0,346,0,45,0,346,0,0.992248062015504,0.99618320610687,1,1,1,1,19.3593097332846,100,6000
0.9,128,2,260,1,45,0,346,0,45,0,346,0,0.992248062015504,0.99236641221374,1,1,1,1,22.5894987385824,100,7000
0.9,128,2,260,1,45,0,346,0,45,0,346,0,0.992248062015504,0.99236641221374,1,1,1,1,25.8102185869565,100,8000
0.9,22,0,262,107,9,0,346,36,5,0,346,40,0.170542635658915,1,0.2,1,0.111111111111111,1,3.22333158385093,200,1000
0.9,97,1,261,32,37,0,346,8,32,0,346,13,0.751937984496124,0.99618320610687,0.822222222222222,1,0.711111111111111,1,6.45146549050055,200,2000
0.9,118,1,261,11,42,0,346,3,41,0,346,4,0.914728682170543,0.99618320610687,0.933333333333333,1,0.911111111111111,1,9.66276932773109,200,3000
0.9,127,1,261,2,44,0,346,1,44,0,346,1,0.984496124031008,0.99618320610687,0.977777777777778,1,0.977777777777778,1,12.906317971319,200,4000
0.9,128,1,261,1,45,0,346,0,45,0,346,0,0.992248062015504,0.99618320610687,1,1,1,1,16.1235362659847,200,5000
0.9,128,1,261,1,45,0,346,0,45,0,346,0,0.992248062015504,0.99618320610687,1,1,1,1,19.3593097332846,200,6000
0.9,128,1,261,1,45,0,346,0,45,0,346,0,0.992248062015504,0.99618320610687,1,1,1,1,22.5894987385824,200,7000
0.9,128,1,261,1,45,0,346,0,45,0,346,0,0.992248062015504,0.99618320610687,1,1,1,1,25.8102185869565,200,8000
0.9,26,0,262,103,7,0,346,38,5,0,346,40,0.201550387596899,1,0.155555555555556,1,0.111111111111111,1,3.22333158385093,300,1000
0.9,97,1,261,32,34,0,346,11,30,0,346,15,0.751937984496124,0.99618320610687,0.755555555555556,1,0.666666666666667,1,6.45146549050055,300,2000
0.9,121,1,261,8,41,0,346,4,40,0,346,5,0.937984496124031,0.99618320610687,0.911111111111111,1,0.888888888888889,1,9.66276932773109,300,3000
0.9,125,1,261,4,43,0,346,2,43,0,346,2,0.968992248062015,0.99618320610687,0.955555555555556,1,0.955555555555556,1,12.906317971319,300,4000
0.9,128,1,261,1,45,0,346,0,45,0,346,0,0.992248062015504,0.99618320610687,1,1,1,1,16.1235362659847,300,5000
0.9,128,1,261,1,45,0,346,0,45,0,346,0,0.992248062015504,0.99618320610687,1,1,1,1,19.3593097332846,300,6000
0.9,128,1,261,1,45,0,346,0,45,0,346,0,0.992248062015504,0.99618320610687,1,1,1,1,22.5894987385824,300,7000
0.9,128,1,261,1,45,0,346,0,45,0,346,0,0.992248062015504,0.99618320610687,1,1,1,1,25.8102185869565,300,8000
0.9,20,0,262,109,7,0,346,38,5,0,346,40,0.155038759689923,1,0.155555555555556,1,0.111111111111111,1,3.22333158385093,400,1000
0.9,95,0,262,34,35,0,346,10,30,0,346,15,0.736434108527132,1,0.777777777777778,1,0.666666666666667,1,6.45146549050055,400,2000
0.9,117,0,262,12,42,0,346,3,41,0,346,4,0.906976744186047,1,0.933333333333333,1,0.911111111111111,1,9.66276932773109,400,3000
0.9,127,0,262,2,44,0,346,1,44,0,346,1,0.984496124031008,1,0.977777777777778,1,0.977777777777778,1,12.906317971319,400,4000
0.9,128,0,262,1,45,0,346,0,45,0,346,0,0.992248062015504,1,1,1,1,1,16.1235362659847,400,5000
0.9,128,0,262,1,45,0,346,0,45,0,346,0,0.992248062015504,1,1,1,1,1,19.3593097332846,400,6000
0.9,128,0,262,1,45,0,346,0,45,0,346,0,0.992248062015504,1,1,1,1,1,22.5894987385824,400,7000
0.9,128,0,262,1,45,0,346,0,45,0,346,0,0.992248062015504,1,1,1,1,1,25.8102185869565,400,8000
0.9,22,0,262,107,7,0,346,38,5,0,346,40,0.170542635658915,1,0.155555555555556,1,0.111111111111111,1,3.22333158385093,500,1000
0.9,94,0,262,35,35,0,346,10,31,0,346,14,0.728682170542636,1,0.777777777777778,1,0.688888888888889,1,6.45146549050055,500,2000
0.9,120,0,262,9,41,0,346,4,41,0,346,4,0.930232558139535,1,0.911111111111111,1,0.911111111111111,1,9.66276932773109,500,3000
0.9,125,0,262,4,44,0,346,1,44,0,346,1,0.968992248062015,1,0.977777777777778,1,0.977777777777778,1,12.906317971319,500,4000
0.9,128,0,262,1,45,0,346,0,45,0,346,0,0.992248062015504,1,1,1,1,1,16.1235362659847,500,5000
0.9,128,0,262,1,45,0,346,0,45,0,346,0,0.992248062015504,1,1,1,1,1,19.3593097332846,500,6000
0.9,128,0,262,1,45,0,346,0,45,0,346,0,0.992248062015504,1,1,1,1,1,22.5894987385824,500,7000
0.9,128,0,262,1,45,0,346,0,45,0,346,0,0.992248062015504,1,1,1,1,1,25.8102185869565,500,8000
0.9,20,0,262,109,7,0,346,38,5,0,346,40,0.155038759689923,1,0.155555555555556,1,0.111111111111111,1,3.22333158385093,600,1000
0.9,92,0,262,37,35,0,346,10,30,0,346,15,0.713178294573643,1,0.777777777777778,1,0.666666666666667,1,6.45146549050055,600,2000
0.9,121,1,261,8,42,0,346,3,41,0,346,4,0.937984496124031,0.99618320610687,0.933333333333333,1,0.911111111111111,1,9.66276932773109,600,3000
0.9,127,1,261,2,44,0,346,1,44,0,346,1,0.984496124031008,0.99618320610687,0.977777777777778,1,0.977777777777778,1,12.906317971319,600,4000
0.9,128,1,261,1,45,0,346,0,45,0,346,0,0.992248062015504,0.99618320610687,1,1,1,1,16.1235362659847,600,5000
0.9,128,1,261,1,45,0,346,0,45,0,346,0,0.992248062015504,0.99618320610687,1,1,1,1,19.3593097332846,600,6000
0.9,128,1,261,1,45,0,346,0,45,0,346,0,0.992248062015504,0.99618320610687,1,1,1,1,22.5894987385824,600,7000
0.9,128,1,261,1,45,0,346,0,45,0,346,0,0.992248062015504,0.99618320610687,1,1,1,1,25.8102185869565,600,8000
0.9,21,0,262,108,7,0,346,38,6,0,346,39,0.162790697674419,1,0.155555555555556,1,0.133333333333333,1,3.22333158385093,700,1000
0.9,92,0,262,37,35,0,346,10,31,0,346,14,0.713178294573643,1,0.777777777777778,1,0.688888888888889,1,6.45146549050055,700,2000
0.9,121,0,262,8,42,0,346,3,40,0,346,5,0.937984496124031,1,0.933333333333333,1,0.888888888888889,1,9.66276932773109,700,3000
0.9,125,0,262,4,44,0,346,1,44,0,346,1,0.968992248062015,1,0.977777777777778,1,0.977777777777778,1,12.906317971319,700,4000
0.9,128,0,262,1,45,0,346,0,45,0,346,0,0.992248062015504,1,1,1,1,1,16.1235362659847,700,5000
0.9,128,0,262,1,45,0,346,0,45,0,346,0,0.992248062015504,1,1,1,1,1,19.3593097332846,700,6000
0.9,128,0,262,1,45,0,346,0,45,0,346,0,0.992248062015504,1,1,1,1,1,22.5894987385824,700,7000
0.9,128,0,262,1,45,0,346,0,45,0,346,0,0.992248062015504,1,1,1,1,1,25.8102185869565,700,8000
0.9,19,0,262,110,7,0,346,38,5,0,346,40,0.147286821705426,1,0.155555555555556,1,0.111111111111111,1,3.22333158385093,800,1000
0.9,93,0,262,36,34,0,346,11,31,0,346,14,0.72093023255814,1,0.755555555555556,1,0.688888888888889,1,6.45146549050055,800,2000
0.9,121,0,262,8,42,0,346,3,41,0,346,4,0.937984496124031,1,0.933333333333333,1,0.911111111111111,1,9.66276932773109,800,3000
0.9,125,0,262,4,44,0,346,1,44,0,346,1,0.968992248062015,1,0.977777777777778,1,0.977777777777778,1,12.906317971319,800,4000
0.9,128,0,262,1,45,0,346,0,45,0,346,0,0.992248062015504,1,1,1,1,1,16.1235362659847,800,5000
0.9,128,1,261,1,45,0,346,0,45,0,346,0,0.992248062015504,0.99618320610687,1,1,1,1,19.3593097332846,800,6000
0.9,128,1,261,1,45,0,346,0,45,0,346,0,0.992248062015504,0.99618320610687,1,1,1,1,22.5894987385824,800,7000
0.9,128,1,261,1,45,0,346,0,45,0,346,0,0.992248062015504,0.99618320610687,1,1,1,1,25.8102185869565,800,8000
0.9,21,0,262,108,7,0,346,38,5,0,346,40,0.162790697674419,1,0.155555555555556,1,0.111111111111111,1,3.22333158385093,900,1000
0.9,94,0,262,35,34,0,346,11,30,0,346,15,0.728682170542636,1,0.755555555555556,1,0.666666666666667,1,6.45146549050055,900,2000
0.9,122,0,262,7,42,0,346,3,41,0,346,4,0.945736434108527,1,0.933333333333333,1,0.911111111111111,1,9.66276932773109,900,3000
0.9,125,0,262,4,44,0,346,1,44,0,346,1,0.968992248062015,1,0.977777777777778,1,0.977777777777778,1,12.906317971319,900,4000
0.9,128,0,262,1,45,0,346,0,45,0,346,0,0.992248062015504,1,1,1,1,1,16.1235362659847,900,5000
0.9,128,0,262,1,45,0,346,0,45,0,346,0,0.992248062015504,1,1,1,1,1,19.3593097332846,900,6000
0.9,128,0,262,1,45,0,346,0,45,0,346,0,0.992248062015504,1,1,1,1,1,22.5894987385824,900,7000
0.9,128,1,261,1,45,0,346,0,45,0,346,0,0.992248062015504,0.99618320610687,1,1,1,1,25.8102185869565,900,8000
0.9,21,0,262,108,7,0,346,38,5,0,346,40,0.162790697674419,1,0.155555555555556,1,0.111111111111111,1,3.22333158385093,all,1000
0.9,90,0,262,39,34,0,346,11,30,0,346,15,0.697674418604651,1,0.755555555555556,1,0.666666666666667,1,6.45146549050055,all,2000
0.9,121,0,262,8,42,0,346,3,41,0,346,4,0.937984496124031,1,0.933333333333333,1,0.911111111111111,1,9.66276932773109,all,3000
0.9,125,0,262,4,44,0,346,1,44,0,346,1,0.968992248062015,1,0.977777777777778,1,0.977777777777778,1,12.906317971319,all,4000
0.9,128,0,262,1,45,0,346,0,45,0,346,0,0.992248062015504,1,1,1,1,1,16.1235362659847,all,5000
0.9,128,0,262,1,45,0,346,0,45,0,346,0,0.992248062015504,1,1,1,1,1,19.3593097332846,all,6000
0.9,128,0,262,1,45,0,346,0,45,0,346,0,0.992248062015504,1,1,1,1,1,22.5894987385824,all,7000
0.9,128,1,261,1,45,0,346,0,45,0,346,0,0.992248062015504,0.99618320610687,1,1,1,1,25.8102185869565,all,8000
0.95,5,0,262,124,3,0,346,42,4,0,346,41,0.0387596899224806,1,0.0666666666666667,1,0.0888888888888889,1,3.22333158385093,100,1000
0.95,59,0,262,70,21,0,346,24,19,0,346,26,0.457364341085271,1,0.466666666666667,1,0.422222222222222,1,6.45146549050055,100,2000
0.95,106,0,262,23,41,0,346,4,33,0,346,12,0.821705426356589,1,0.911111111111111,1,0.733333333333333,1,9.66276932773109,100,3000
0.95,123,0,262,6,43,0,346,2,38,0,346,7,0.953488372093023,1,0.955555555555556,1,0.844444444444445,1,12.906317971319,100,4000
0.95,128,0,262,1,44,0,346,1,43,0,346,2,0.992248062015504,1,0.977777777777778,1,0.955555555555556,1,16.1235362659847,100,5000
0.95,128,0,262,1,45,0,346,0,43,0,346,2,0.992248062015504,1,1,1,0.955555555555556,1,19.3593097332846,100,6000
0.95,128,0,262,1,45,0,346,0,43,0,346,2,0.992248062015504,1,1,1,0.955555555555556,1,22.5894987385824,100,7000
0.95,128,0,262,1,45,0,346,0,43,0,346,2,0.992248062015504,1,1,1,0.955555555555556,1,25.8102185869565,100,8000
0.95,4,0,262,125,3,0,346,42,2,0,346,43,0.0310077519379845,1,0.0666666666666667,1,0.0444444444444444,1,3.22333158385093,200,1000
0.95,61,0,262,68,22,0,346,23,21,0,346,24,0.472868217054264,1,0.488888888888889,1,0.466666666666667,1,6.45146549050055,200,2000
0.95,106,1,261,23,40,0,346,5,35,0,346,10,0.821705426356589,0.99618320610687,0.888888888888889,1,0.777777777777778,1,9.66276932773109,200,3000
0.95,121,1,261,8,43,0,346,2,41,0,346,4,0.937984496124031,0.99618320610687,0.955555555555556,1,0.911111111111111,1,12.906317971319,200,4000
0.95,128,1,261,1,44,0,346,1,44,0,346,1,0.992248062015504,0.99618320610687,0.977777777777778,1,0.977777777777778,1,16.1235362659847,200,5000
0.95,128,1,261,1,45,0,346,0,44,0,346,1,0.992248062015504,0.99618320610687,1,1,0.977777777777778,1,19.3593097332846,200,6000
0.95,128,1,261,1,45,0,346,0,44,0,346,1,0.992248062015504,0.99618320610687,1,1,0.977777777777778,1,22.5894987385824,200,7000
0.95,128,1,261,1,45,0,346,0,44,0,346,1,0.992248062015504,0.99618320610687,1,1,0.977777777777778,1,25.8102185869565,200,8000
0.95,4,0,262,125,2,0,346,43,4,0,346,41,0.0310077519379845,1,0.0444444444444444,1,0.0888888888888889,1,3.22333158385093,300,1000
0.95,60,0,262,69,18,0,346,27,21,0,346,24,0.465116279069768,1,0.4,1,0.466666666666667,1,6.45146549050055,300,2000
0.95,107,0,262,22,39,0,346,6,37,0,346,8,0.829457364341085,1,0.866666666666667,1,0.822222222222222,1,9.66276932773109,300,3000
0.95,124,0,262,5,42,0,346,3,42,0,346,3,0.961240310077519,1,0.933333333333333,1,0.933333333333333,1,12.906317971319,300,4000
0.95,128,0,262,1,44,0,346,1,44,0,346,1,0.992248062015504,1,0.977777777777778,1,0.977777777777778,1,16.1235362659847,300,5000
0.95,128,0,262,1,45,0,346,0,44,0,346,1,0.992248062015504,1,1,1,0.977777777777778,1,19.3593097332846,300,6000
0.95,128,0,262,1,45,0,346,0,45,0,346,0,0.992248062015504,1,1,1,1,1,22.5894987385824,300,7000
0.95,128,0,262,1,45,0,346,0,45,0,346,0,0.992248062015504,1,1,1,1,1,25.8102185869565,300,8000
0.95,4,0,262,125,3,0,346,42,2,0,346,43,0.0310077519379845,1,0.0666666666666667,1,0.0444444444444444,1,3.22333158385093,400,1000
0.95,57,0,262,72,20,0,346,25,19,0,346,26,0.441860465116279,1,0.444444444444444,1,0.422222222222222,1,6.45146549050055,400,2000
0.95,103,0,262,26,37,0,346,8,37,0,346,8,0.798449612403101,1,0.822222222222222,1,0.822222222222222,1,9.66276932773109,400,3000
0.95,122,0,262,7,42,0,346,3,42,0,346,3,0.945736434108527,1,0.933333333333333,1,0.933333333333333,1,12.906317971319,400,4000
0.95,128,0,262,1,45,0,346,0,45,0,346,0,0.992248062015504,1,1,1,1,1,16.1235362659847,400,5000
0.95,128,0,262,1,45,0,346,0,45,0,346,0,0.992248062015504,1,1,1,1,1,19.3593097332846,400,6000
0.95,128,0,262,1,45,0,346,0,45,0,346,0,0.992248062015504,1,1,1,1,1,22.5894987385824,400,7000
0.95,128,0,262,1,45,0,346,0,45,0,346,0,0.992248062015504,1,1,1,1,1,25.8102185869565,400,8000
0.95,4,0,262,125,2,0,346,43,3,0,346,42,0.0310077519379845,1,0.0444444444444444,1,0.0666666666666667,1,3.22333158385093,500,1000
0.95,58,0,262,71,21,0,346,24,20,0,346,25,0.449612403100775,1,0.466666666666667,1,0.444444444444444,1,6.45146549050055,500,2000
0.95,107,0,262,22,37,0,346,8,35,0,346,10,0.829457364341085,1,0.822222222222222,1,0.777777777777778,1,9.66276932773109,500,3000
0.95,122,0,262,7,42,0,346,3,41,0,346,4,0.945736434108527,1,0.933333333333333,1,0.911111111111111,1,12.906317971319,500,4000
0.95,126,0,262,3,44,0,346,1,43,0,346,2,0.976744186046512,1,0.977777777777778,1,0.955555555555556,1,16.1235362659847,500,5000
0.95,128,0,262,1,45,0,346,0,44,0,346,1,0.992248062015504,1,1,1,0.977777777777778,1,19.3593097332846,500,6000
0.95,128,0,262,1,45,0,346,0,45,0,346,0,0.992248062015504,1,1,1,1,1,22.5894987385824,500,7000
0.95,128,0,262,1,45,0,346,0,45,0,346,0,0.992248062015504,1,1,1,1,1,25.8102185869565,500,8000
0.95,5,0,262,124,1,0,346,44,2,0,346,43,0.0387596899224806,1,0.0222222222222222,1,0.0444444444444444,1,3.22333158385093,600,1000
0.95,59,0,262,70,19,0,346,26,19,0,346,26,0.457364341085271,1,0.422222222222222,1,0.422222222222222,1,6.45146549050055,600,2000
0.95,108,0,262,21,37,0,346,8,35,0,346,10,0.837209302325582,1,0.822222222222222,1,0.777777777777778,1,9.66276932773109,600,3000
0.95,122,0,262,7,42,0,346,3,41,0,346,4,0.945736434108527,1,0.933333333333333,1,0.911111111111111,1,12.906317971319,600,4000
0.95,127,0,262,2,44,0,346,1,44,0,346,1,0.984496124031008,1,0.977777777777778,1,0.977777777777778,1,16.1235362659847,600,5000
0.95,128,0,262,1,45,0,346,0,44,0,346,1,0.992248062015504,1,1,1,0.977777777777778,1,19.3593097332846,600,6000
0.95,128,0,262,1,45,0,346,0,45,0,346,0,0.992248062015504,1,1,1,1,1,22.5894987385824,600,7000
0.95,128,0,262,1,45,0,346,0,45,0,346,0,0.992248062015504,1,1,1,1,1,25.8102185869565,600,8000
0.95,5,0,262,124,2,0,346,43,2,0,346,43,0.0387596899224806,1,0.0444444444444444,1,0.0444444444444444,1,3.22333158385093,700,1000
0.95,58,0,262,71,21,0,346,24,19,0,346,26,0.449612403100775,1,0.466666666666667,1,0.422222222222222,1,6.45146549050055,700,2000
0.95,103,0,262,26,37,0,346,8,34,0,346,11,0.798449612403101,1,0.822222222222222,1,0.755555555555556,1,9.66276932773109,700,3000
0.95,122,0,262,7,42,0,346,3,41,0,346,4,0.945736434108527,1,0.933333333333333,1,0.911111111111111,1,12.906317971319,700,4000
0.95,126,0,262,3,44,0,346,1,44,0,346,1,0.976744186046512,1,0.977777777777778,1,0.977777777777778,1,16.1235362659847,700,5000
0.95,128,0,262,1,45,0,346,0,44,0,346,1,0.992248062015504,1,1,1,0.977777777777778,1,19.3593097332846,700,6000
0.95,128,0,262,1,45,0,346,0,44,0,346,1,0.992248062015504,1,1,1,0.977777777777778,1,22.5894987385824,700,7000
0.95,128,0,262,1,45,0,346,0,45,0,346,0,0.992248062015504,1,1,1,1,1,25.8102185869565,700,8000
0.95,5,0,262,124,2,0,346,43,3,0,346,42,0.0387596899224806,1,0.0444444444444444,1,0.0666666666666667,1,3.22333158385093,800,1000
0.95,61,0,262,68,21,0,346,24,19,0,346,26,0.472868217054264,1,0.466666666666667,1,0.422222222222222,1,6.45146549050055,800,2000
0.95,107,0,262,22,37,0,346,8,36,0,346,9,0.829457364341085,1,0.822222222222222,1,0.8,1,9.66276932773109,800,3000
0.95,123,0,262,6,42,0,346,3,41,0,346,4,0.953488372093023,1,0.933333333333333,1,0.911111111111111,1,12.906317971319,800,4000
0.95,128,0,262,1,44,0,346,1,44,0,346,1,0.992248062015504,1,0.977777777777778,1,0.977777777777778,1,16.1235362659847,800,5000
0.95,128,0,262,1,45,0,346,0,44,0,346,1,0.992248062015504,1,1,1,0.977777777777778,1,19.3593097332846,800,6000
0.95,128,0,262,1,45,0,346,0,44,0,346,1,0.992248062015504,1,1,1,0.977777777777778,1,22.5894987385824,800,7000
0.95,128,0,262,1,45,0,346,0,45,0,346,0,0.992248062015504,1,1,1,1,1,25.8102185869565,800,8000
0.95,5,0,262,124,1,0,346,44,2,0,346,43,0.0387596899224806,1,0.0222222222222222,1,0.0444444444444444,1,3.22333158385093,900,1000
0.95,59,0,262,70,20,0,346,25,19,0,346,26,0.457364341085271,1,0.444444444444444,1,0.422222222222222,1,6.45146549050055,900,2000
0.95,103,0,262,26,37,0,346,8,35,0,346,10,0.798449612403101,1,0.822222222222222,1,0.777777777777778,1,9.66276932773109,900,3000
0.95,123,0,262,6,42,0,346,3,41,0,346,4,0.953488372093023,1,0.933333333333333,1,0.911111111111111,1,12.906317971319,900,4000
0.95,128,0,262,1,44,0,346,1,44,0,346,1,0.992248062015504,1,0.977777777777778,1,0.977777777777778,1,16.1235362659847,900,5000
0.95,128,0,262,1,45,0,346,0,44,0,346,1,0.992248062015504,1,1,1,0.977777777777778,1,19.3593097332846,900,6000
0.95,128,0,262,1,45,0,346,0,44,0,346,1,0.992248062015504,1,1,1,0.977777777777778,1,22.5894987385824,900,7000
0.95,128,0,262,1,45,0,346,0,44,0,346,1,0.992248062015504,1,1,1,0.977777777777778,1,25.8102185869565,900,8000
0.95,4,0,262,125,1,0,346,44,2,0,346,43,0.0310077519379845,1,0.0222222222222222,1,0.0444444444444444,1,3.22333158385093,all,1000
0.95,58,0,262,71,20,0,346,25,19,0,346,26,0.449612403100775,1,0.444444444444444,1,0.422222222222222,1,6.45146549050055,all,2000
0.95,103,0,262,26,37,0,346,8,35,0,346,10,0.798449612403101,1,0.822222222222222,1,0.777777777777778,1,9.66276932773109,all,3000
0.95,123,0,262,6,42,0,346,3,41,0,346,4,0.953488372093023,1,0.933333333333333,1,0.911111111111111,1,12.906317971319,all,4000
0.95,128,0,262,1,44,0,346,1,44,0,346,1,0.992248062015504,1,0.977777777777778,1,0.977777777777778,1,16.1235362659847,all,5000
0.95,128,0,262,1,45,0,346,0,44,0,346,1,0.992248062015504,1,1,1,0.977777777777778,1,19.3593097332846,all,6000
0.95,128,0,262,1,45,0,346,0,44,0,346,1,0.992248062015504,1,1,1,0.977777777777778,1,22.5894987385824,all,7000
0.95,128,0,262,1,45,0,346,0,44,0,346,1,0.992248062015504,1,1,1,0.977777777777778,1,25.8102185869565,all,8000
